,ids,bday,enrolldate,expgradate,Rank,Major,Gender,Athlete,Height,Weight,Smoking,Sprint,English,Reading,Math,Writing,State,LiveOnCampus,HowCommute,CommuteTime,SleepTime,StudyTime,Performance,Total
0,43783,1995-03-22,2014-08-04,2019-05-13,Unknown,uknown,Male,Non-Athlete,217.04999999999998,181.03156914893617,Non-Smoker,7.978,88.24,81.5,60.02,81.44,In state,On Campus,Other,27.14957264957265,7.0,1.0,Failed,222.96
29,20230,1996-01-02,2014-08-04,2020-05-11,Freshmen,pre-pharma,Male,Athlete,240.32999999999998,181.03156914893617,Non-Smoker,5.203,81.6,75.6,65.36,76.07,In state,On Campus,Other,27.14957264957265,8.0,3.0,Failed,217.02999999999997
30,21083,1995-12-22,2014-08-04,2020-05-11,Freshmen,uknown,Female,Non-Athlete,216.14999999999998,234.64,Non-Smoker,6.746,78.85,86.92,68.53,71.42,In state,Off Campus,Car,26.0,5.0,3.0,Failed,226.87
31,21939,1995-12-12,2014-08-04,2020-05-11,Freshmen,uknown,Male,Athlete,198.27,181.03156914893617,Non-Smoker,5.326,87.7,81.1,61.61,79.52168316831683,In state,Off Campus,Car,39.0,6.0,5.0,Failed,222.2316831683168
32,23017,1995-11-29,2014-08-04,2020-05-11,Freshmen,uknown,Unknown,Non-Athlete,215.16,224.57,Non-Smoker,7.638,76.63,84.19,65.25,72.61,In state,Off Campus,Bike,8.0,8.0,4.0,Failed,222.05
33,23217,1995-11-26,2014-08-04,2019-05-13,Freshmen,pre med,Male,Non-Athlete,214.23,224.02,Non-Smoker,6.475,75.2,81.54,66.66,85.38,In state,Off Campus,Car,31.0,5.0,5.0,Failed,233.57999999999998
34,23889,1995-11-18,2014-08-04,2019-05-13,Freshmen,communication,Male,Athlete,210.87,175.49,Non-Smoker,4.593,81.74,86.41,66.21,76.24,In state,On Campus,Other,27.14957264957265,9.0,8.0,Failed,228.86
35,24985,1995-11-05,2014-08-04,2019-05-13,Freshmen,biology,Female,Non-Athlete,201.81,181.03156914893617,Past Smoker,7.025,82.78755501222494,77.65,56.04,79.52168316831683,In state,On Campus,Other,27.14957264957265,8.0,11.0,Failed,213.21168316831682
36,25382,1995-10-31,2014-08-04,2020-05-11,Freshmen,uknown,Male,Athlete,215.16,164.17,Non-Smoker,4.574,87.54,84.77,69.78,78.52,In state,Off Campus,Car,27.0,5.0,3.0,Failed,233.07
37,25701,1995-10-27,2014-08-04,2019-05-13,Freshmen,chemistry,Female,Non-Athlete,187.07999999999998,163.99,Non-Smoker,6.136,83.97,85.85,57.74,83.65,In state,On Campus,Other,27.14957264957265,6.0,11.0,Failed,227.24
38,26140,1995-10-21,2014-08-04,2020-05-11,Freshmen,aeronautics (air traffic control),Female,Athlete,207.06,195.56,Non-Smoker,4.634,83.15,83.95,77.6,89.07,Out of state,Off Campus,Car,33.0,5.4813829787234045,5.0,Passed,250.62
39,29142,1995-09-15,2014-08-04,2020-05-11,Freshmen,soc,Female,Non-Athlete,206.01,181.03156914893617,Non-Smoker,6.572,89.48,78.0,59.24,81.95,Out of state,On Campus,Other,27.14957264957265,4.0,0.0,Failed,219.19
40,30056,1995-09-04,2014-08-04,2020-05-11,Freshmen,poli sci,Male,Athlete,216.51,175.91,Unknown,6.581933155080214,81.35,73.57,67.89,69.86,In state,On Campus,Other,27.14957264957265,7.0,4.0,Failed,211.32
41,30164,1995-09-03,2014-08-04,2020-05-11,Freshmen,uknown,Male,Non-Athlete,208.74,183.92,Unknown,6.838,71.07,86.6,63.45,75.72,In state,Off Campus,Car,37.0,7.0,5.0,Failed,225.77
42,30953,1995-08-23,2014-08-04,2020-05-11,Freshmen,uknown,Female,Non-Athlete,204.0952941176471,118.99,Non-Smoker,7.875,72.79,71.65,68.83,78.85,In state,On Campus,Other,27.14957264957265,8.0,11.0,Failed,219.33
43,31227,1995-08-20,2014-08-04,2020-05-11,Freshmen,art historyy,Female,Non-Athlete,205.14,149.67,Current,7.494,82.28,81.25,61.78,78.66,In state,On Campus,Other,27.14957264957265,10.0,5.0,Failed,221.69
44,31862,1995-08-14,2014-08-04,2019-05-13,Freshmen,uknown,Male,Athlete,219.75,181.03156914893617,Unknown,5.625,75.44,86.14,59.64,76.88,In state,On Campus,Other,27.14957264957265,3.0,5.0,Failed,222.66
45,32521,1995-08-06,2014-08-04,2019-05-13,Freshmen,art history,Male,Athlete,232.46999999999997,230.42,Non-Smoker,4.979,76.9,85.24,75.94,79.52168316831683,In state,Off Campus,Car,20.0,5.0,6.0,Passed,240.70168316831683
46,33055,1995-07-30,2014-08-04,2019-05-13,Freshmen,uknown,Male,Athlete,209.34,181.03156914893617,Non-Smoker,4.673,82.78755501222494,74.07,57.48,73.15,In state,On Campus,Other,27.14957264957265,5.0,5.0,Failed,204.7
47,33153,1995-07-28,2014-08-04,2019-05-13,Freshmen,uknown,Unknown,Non-Athlete,194.45999999999998,199.74,Non-Smoker,7.181,82.78755501222494,84.98,75.66,87.03,In state,On Campus,Other,27.14957264957265,5.0,3.0,Passed,247.67
48,34417,1995-07-12,2014-08-04,2019-05-13,Freshmen,uknown,Female,Athlete,202.62,181.03156914893617,Non-Smoker,5.138,80.95,73.22,61.0,81.69,In state,Off Campus,Car,28.0,7.0,7.279891304347826,Failed,215.91
49,34717,1995-07-10,2014-08-04,2020-05-11,Freshmen,uknown,Male,Athlete,230.91,157.67,Non-Smoker,5.887,76.47,80.82,68.19,78.88,In state,On Campus,Other,27.14957264957265,7.0,1.0,Failed,227.89
50,35023,1995-07-05,2014-08-04,2019-05-13,Freshmen,uknown,Female,Non-Athlete,187.38,193.87,Non-Smoker,6.581933155080214,94.43,87.34,79.93,79.63,Out of state,On Campus,Other,27.14957264957265,6.0,19.0,Passed,246.9
51,35599,1995-06-28,2014-08-04,2020-05-11,Freshmen,uknown,Male,Non-Athlete,201.87,218.97,Unknown,7.323,74.07,73.45,63.54,79.52168316831683,In state,On Campus,Other,27.14957264957265,5.0,3.0,Failed,216.51168316831684
52,36555,1995-06-18,2014-08-04,2020-05-11,Freshmen,uknown,Male,Non-Athlete,218.07,253.6,Current,6.716,70.48,85.48,65.88,71.44,In state,Off Campus,Car,31.0,7.0,7.0,Failed,222.8
53,38134,1995-05-29,2014-08-04,2019-05-13,Freshmen,agricultural studies,Male,Athlete,194.70000000000002,194.61,Non-Smoker,4.873,84.95,81.01,62.08,71.21,In state,On Campus,Other,27.14957264957265,6.0,5.0,Failed,214.3
54,38528,1995-05-24,2014-08-04,2019-05-13,Freshmen,uknown,Female,Non-Athlete,187.26,127.89,Past Smoker,7.706,85.24,82.77,82.14,83.03,Out of state,On Campus,Other,27.14957264957265,2.0,5.0,Passed,247.94
55,38775,1995-05-21,2014-08-04,2019-05-13,Freshmen,finance,Male,Athlete,211.74,152.7,Non-Smoker,6.581933155080214,79.64,68.83,47.62,77.11,In state,On Campus,Other,27.14957264957265,5.0,5.0,Failed,193.56
56,38980,1995-05-19,2014-08-04,2020-05-11,Freshmen,bio,Male,Non-Athlete,224.76,165.06,Non-Smoker,8.926,88.44,84.15,78.38,69.52,In state,Off Campus,Car,27.0,6.0,5.0,Passed,232.05
57,39006,1995-05-17,2014-08-04,2019-05-13,Freshmen,theare,Female,Athlete,202.68,151.53,Non-Smoker,6.663,89.49,86.13,65.3,84.68,In state,Unknown,Other,27.14957264957265,4.0,10.0,Failed,236.11
58,39341,1995-05-15,2014-08-04,2019-05-13,Freshmen,uknown,Male,Athlete,220.44,212.18,Non-Smoker,5.456,77.64,71.09,66.48,74.43,Unknown,On Campus,Other,27.14957264957265,7.0,7.279891304347826,Failed,212.0
59,39542,1995-05-11,2014-08-04,2020-05-11,Freshmen,engineering,Female,Non-Athlete,219.18,213.32,Non-Smoker,7.93,75.38,76.45,63.7,76.69,In state,On Campus,Other,27.14957264957265,5.4813829787234045,7.279891304347826,Failed,216.84
60,39715,1995-05-11,2014-08-04,2020-05-11,Freshmen,environmental policy,Male,Athlete,204.0952941176471,181.03156914893617,Non-Smoker,4.751,82.78755501222494,80.51,70.42,74.57,In state,On Campus,Other,27.14957264957265,9.0,6.0,Passed,225.5
61,40161,1995-05-03,2014-08-04,2019-05-13,Freshmen,classics,Female,Non-Athlete,183.66,197.51,Non-Smoker,7.296,87.87,91.89,77.23,86.6,Out of state,On Campus,Other,27.14957264957265,10.0,1.0,Passed,255.72
62,40619,1995-04-29,2014-08-04,2020-05-11,Freshmen,media literacy,Male,Non-Athlete,197.10000000000002,267.88,Past Smoker,5.537,82.24,93.34,63.28,79.52168316831683,In state,On Campus,Other,27.14957264957265,4.0,8.0,Failed,236.14168316831683
63,41288,1995-04-22,2014-08-04,2020-05-11,Freshmen,uknown,Male,Non-Athlete,208.89,176.11,Current,7.848,79.48,101.59,73.49,71.67,Out of state,On Campus,Other,27.14957264957265,5.0,1.0,Passed,246.75
64,41254,1995-04-20,2014-08-04,2020-05-11,Freshmen,ancient studies,Female,Non-Athlete,169.62,129.98,Non-Smoker,7.171,85.53,76.35,55.19,84.97,Out of state,On Campus,Other,27.14957264957265,4.0,15.0,Failed,216.51
65,42023,1995-04-10,2014-08-04,2020-05-11,Freshmen,uknown,Female,Non-Athlete,190.89000000000001,126.63,Non-Smoker,7.701,72.31,89.03,78.04,72.55,Out of state,Off Campus,Car,33.0,8.0,1.0,Passed,239.62
66,42630,1995-04-05,2014-08-04,2019-05-13,Freshmen,uknown,Male,Non-Athlete,253.23,350.07,Non-Smoker,6.646,71.29,83.84,68.85,76.56,In state,On Campus,Other,27.14957264957265,2.0,4.0,Failed,229.25
67,42850,1995-04-02,2014-08-04,2019-05-13,Freshmen,higher ed,Male,Non-Athlete,188.52,115.98,Current,7.817,60.96,69.87,58.97,71.56,In state,On Campus,Other,27.14957264957265,1.0,4.0,Failed,200.4
68,42769,1995-04-01,2014-08-04,2019-05-13,Freshmen,psych,Female,Non-Athlete,180.45,141.98,Past Smoker,6.581933155080214,75.07,72.17,49.4,75.89,In state,On Campus,Other,27.14957264957265,8.0,2.0,Failed,197.45999999999998
69,43221,1995-03-26,2014-08-04,2020-05-11,Freshmen,uknown,Female,Athlete,198.51,181.03156914893617,Non-Smoker,6.581933155080214,76.23,79.79,64.83,83.58,In state,On Campus,Other,27.14957264957265,5.0,4.0,Failed,228.2
70,44088,1995-03-18,2014-08-04,2019-05-13,Freshmen,music education,Male,Athlete,227.73,181.03156914893617,Non-Smoker,4.566,85.34,81.42,73.51,74.0,In state,On Campus,Other,27.14957264957265,8.0,10.0,Passed,228.93
71,44413,1995-03-12,2014-08-04,2020-05-11,Freshmen,pre-med,Female,Non-Athlete,208.29000000000002,207.72,Non-Smoker,8.157,86.85,91.25,76.93,84.01,In state,Off Campus,Car,30.0,5.0,9.0,Passed,252.19
72,44517,1995-03-11,2014-08-04,2020-05-11,Freshmen,environmental science,Female,Athlete,198.20999999999998,137.0,Non-Smoker,6.826,69.81,70.58,35.32,70.73,In state,On Campus,Other,27.14957264957265,5.0,7.279891304347826,Failed,176.63
73,46221,1995-02-20,2014-08-04,2020-05-11,Freshmen,liberal studies,Male,Athlete,198.87,153.8,Non-Smoker,4.681,82.49,82.01,62.99,75.64,In state,On Campus,Other,27.14957264957265,3.0,6.0,Failed,220.64
74,47050,1995-02-06,2014-08-04,2020-05-11,Freshmen,psycho,Female,Non-Athlete,188.67000000000002,158.85,Current,7.256,84.3,78.72,72.52,80.03,In state,Off Campus,Car,32.0,3.0,12.0,Passed,231.27
75,47887,1995-01-28,2014-08-04,2020-05-11,Freshmen,photography,Female,Athlete,204.0952941176471,151.97,Non-Smoker,5.527,86.59,79.22,57.58,70.89,In state,On Campus,Other,27.14957264957265,4.0,3.0,Failed,207.69
76,48361,1995-01-25,2014-08-04,2019-05-13,Freshmen,sport and exercise science,Male,Non-Athlete,251.19,206.55,Non-Smoker,7.817,95.23,76.72,69.7,82.44,In state,On Campus,Other,27.14957264957265,5.0,6.0,Failed,228.86
77,49213,1995-01-16,2014-08-04,2020-05-11,Freshmen,geograph,Male,Athlete,222.95999999999998,164.91,Non-Smoker,5.685,89.3,90.92,66.46,82.21,In state,On Campus,Other,27.14957264957265,2.0,6.0,Failed,239.58999999999997
78,49326,1995-01-14,2014-08-04,2019-05-13,Freshmen,uknown,Male,Non-Athlete,218.54999999999998,194.74,Non-Smoker,7.812,69.48,79.78,54.69,69.38,In state,On Campus,Other,27.14957264957265,5.0,6.0,Failed,203.85
79,49155,1995-01-13,2014-08-04,2020-05-11,Freshmen,english,Female,Non-Athlete,186.60000000000002,186.84,Non-Smoker,6.735,77.17,55.11,40.38,80.62,In state,On Campus,Other,27.14957264957265,8.0,3.0,Failed,176.11
80,20531,1994-12-29,2014-08-04,2019-05-13,Freshmen,uknown,Male,Athlete,204.0952941176471,261.59,Non-Smoker,4.503,93.69,87.7,76.35,79.08,In state,On Campus,Other,27.14957264957265,4.0,1.0,Passed,243.13
81,20615,1994-12-28,2014-08-04,2020-05-11,Freshmen,photography,Female,Non-Athlete,199.20000000000002,167.57,Non-Smoker,6.581933155080214,85.44,85.49,69.92,84.34,In state,On Campus,Other,27.14957264957265,7.0,6.0,Failed,239.75
82,21492,1994-12-17,2014-08-04,2020-05-11,Freshmen,art education,Female,Athlete,191.64000000000001,161.63,Non-Smoker,4.644,81.83,74.06,71.23,82.36,In state,On Campus,Other,27.14957264957265,5.0,4.0,Passed,227.65000000000003
83,22069,1994-12-10,2014-08-04,2020-05-11,Freshmen,uknown,Male,Non-Athlete,217.70999999999998,224.92,Non-Smoker,7.135,83.19,89.74,72.56,76.63,Unknown,On Campus,Other,27.14957264957265,3.0,7.0,Passed,238.93
84,22567,1994-12-04,2014-08-04,2019-05-13,Freshmen,sports medicine,Female,Athlete,193.29000000000002,194.01,Non-Smoker,4.819,80.07,103.62,79.17,75.56,In state,On Campus,Other,27.14957264957265,7.0,7.279891304347826,Passed,258.35
85,23767,1994-11-20,2014-08-04,2020-05-11,Freshmen,french,Male,Athlete,200.45999999999998,166.55,Non-Smoker,5.654,77.42,79.14,60.06,76.25,In state,Unknown,Other,27.14957264957265,4.0,11.0,Failed,215.45
86,23937,1994-11-17,2014-08-04,2019-05-13,Freshmen,theatre,Female,Non-Athlete,187.77,139.85,Current,8.865,83.79,87.48,57.57,81.66,In state,Unknown,Other,27.14957264957265,4.0,8.0,Failed,226.71
87,24153,1994-11-15,2014-08-04,2019-05-13,Freshmen,education - science,Female,Non-Athlete,186.35999999999999,106.48,Current,8.48,81.0,70.87,48.06,88.89,Out of state,Unknown,Car,23.0,7.0,4.0,Failed,207.82
88,24202,1994-11-14,2014-08-04,2019-05-13,Freshmen,uknown,Female,Non-Athlete,172.2,164.53,Unknown,6.839,79.0,78.47,59.89,79.02,Out of state,On Campus,Other,27.14957264957265,8.0,4.0,Failed,217.38
89,24556,1994-11-10,2014-08-04,2020-05-11,Freshmen,finance,Female,Non-Athlete,204.0952941176471,180.44,Non-Smoker,6.259,84.09,69.8,65.46800947867298,79.52168316831683,In state,On Campus,Other,27.14957264957265,8.0,1.0,Failed,214.7896926469898
90,24656,1994-11-09,2014-08-04,2019-05-13,Freshmen,interior design,Female,Non-Athlete,201.32999999999998,181.03156914893617,Non-Smoker,8.224,81.68,88.16,70.56,72.53,In state,On Campus,Other,27.14957264957265,6.0,3.0,Passed,231.25
91,25740,1994-10-26,2014-08-04,2020-05-11,Freshmen,uknown,Female,Non-Athlete,200.91,154.81,Non-Smoker,8.285,82.56,89.88,81.44,79.52168316831683,In state,Off Campus,Car,28.0,4.0,3.0,Passed,250.84168316831682
92,26435,1994-10-18,2014-08-04,2019-05-13,Freshmen,uknown,Female,Non-Athlete,174.54,162.45,Current,5.513,77.97,89.03,79.61,92.3,In state,On Campus,Other,27.14957264957265,3.0,5.0,Passed,260.94
93,26707,1994-10-15,2014-08-04,2020-05-11,Freshmen,applied math,Male,Non-Athlete,233.73,172.53,Non-Smoker,8.991,83.82,87.67,70.43,74.04,Out of state,Off Campus,Car,23.0,5.0,3.0,Passed,232.14000000000004
94,26691,1994-10-15,2014-08-04,2019-05-13,Freshmen,uknown,Female,Athlete,191.73,149.48,Non-Smoker,4.895,85.27,77.75,69.3,75.6,Out of state,Off Campus,Car,34.0,5.4813829787234045,20.0,Failed,222.65
95,27539,1994-10-04,2014-08-04,2019-05-13,Freshmen,graphic design,Female,Non-Athlete,223.70999999999998,266.78,Non-Smoker,6.55,85.43,87.7,70.57,77.46,In state,On Campus,Other,27.14957264957265,11.0,1.0,Passed,235.72999999999996
96,49947,1994-09-12,2014-08-04,2019-05-13,Freshmen,marketting,Female,Athlete,204.95999999999998,160.54,Non-Smoker,5.503,71.12,56.53,55.43,73.56,In state,On Campus,Other,27.14957264957265,7.0,9.0,Failed,185.52
97,29516,1994-09-10,2014-08-04,2019-05-13,Freshmen,uknown,Female,Non-Athlete,188.94,181.03156914893617,Current,6.581933155080214,83.57,84.35,74.31,80.7,In state,Unknown,Other,27.14957264957265,5.4813829787234045,7.279891304347826,Passed,239.36
98,30826,1994-08-25,2014-08-04,2019-05-13,Freshmen,uknown,Female,Athlete,196.86,158.96,Non-Smoker,6.581933155080214,86.02,79.63,74.44,83.52,In state,Off Campus,Public Transport,53.0,5.0,2.0,Passed,237.58999999999997
99,30989,1994-08-23,2014-08-04,2020-05-11,Freshmen,undecided,Female,Athlete,195.14999999999998,153.82,Non-Smoker,6.581933155080214,90.44,87.64,82.37,79.52168316831683,Unknown,Off Campus,Car,36.0,5.0,1.0,Passed,249.53168316831682
100,32304,1994-08-07,2014-08-04,2020-05-11,Freshmen,aerospace engineering,Female,Athlete,201.71999999999997,157.19,Non-Smoker,5.404,82.77,73.27,55.81,79.15,In state,On Campus,Other,27.14957264957265,5.4813829787234045,2.0,Failed,208.23
101,32895,1994-08-01,2014-08-04,2020-05-11,Freshmen,uknown,Male,Non-Athlete,185.25,181.03156914893617,Non-Smoker,7.435,82.78755501222494,76.19,70.84,82.31,In state,On Campus,Other,27.14957264957265,6.0,13.0,Passed,229.34
102,34033,1994-07-17,2014-08-04,2020-05-11,Freshmen,journalism,Female,Non-Athlete,190.32,140.92,Current,6.428,84.34,82.0708,68.01,84.32,In state,On Campus,Other,27.14957264957265,9.0,1.0,Failed,234.4008
103,34800,1994-07-07,2014-08-04,2020-05-11,Freshmen,math and computer science,Female,Athlete,205.26,168.86,Current,6.581933155080214,74.74,73.12,54.49,78.87,Out of state,On Campus,Other,27.14957264957265,5.4813829787234045,3.0,Failed,206.48000000000002
104,34919,1994-07-07,2014-08-04,2020-05-11,Freshmen,biologie,Male,Non-Athlete,220.04999999999998,181.03156914893617,Past Smoker,6.581933155080214,59.83,74.71,55.54,74.97,In state,On Campus,Other,27.14957264957265,6.0,7.0,Failed,205.22
105,36173,1994-06-21,2014-08-04,2019-05-13,Freshmen,bfa music,Female,Athlete,205.11,171.67,Current,6.295,76.98,69.59,66.05,71.83,In state,On Campus,Other,27.14957264957265,5.0,4.0,Failed,207.46999999999997
106,37458,1994-06-04,2014-08-04,2019-05-13,Freshmen,uknown,Female,Non-Athlete,182.64000000000001,148.84,Non-Smoker,6.747,80.52,81.38,67.75,82.68,In state,Off Campus,Car,41.0,2.0,9.0,Failed,231.81
107,38186,1994-05-29,2014-08-04,2020-05-11,Freshmen,art,Male,Non-Athlete,208.86,181.03156914893617,Non-Smoker,7.976,74.88,78.19,61.91,85.39,In state,Off Campus,Car,33.0,4.0,7.0,Failed,225.49
108,38365,1994-05-27,2014-08-04,2020-05-11,Freshmen,philosophy,Male,Athlete,199.23,175.2,Non-Smoker,5.808,77.09,79.08,60.93,76.27,Out of state,On Campus,Other,27.14957264957265,10.0,5.0,Failed,216.27999999999997
109,39281,1994-05-15,2014-08-04,2020-05-11,Freshmen,uknown,Male,Athlete,216.27,184.58,Non-Smoker,5.653,87.89,93.3,70.65,75.39,In state,On Campus,Other,27.14957264957265,4.0,4.0,Passed,239.33999999999997
110,39550,1994-05-12,2014-08-04,2019-05-13,Freshmen,uknown,Male,Athlete,225.51,168.11,Non-Smoker,5.328,89.24,80.79,65.46800947867298,78.24,In state,Off Campus,Car,26.0,6.0,4.0,Failed,224.498009478673
111,42681,1994-04-04,2014-08-04,2019-05-13,Freshmen,physic,Male,Athlete,202.74,192.06,Past Smoker,5.771,69.96,78.19,68.17,78.57,In state,On Campus,Other,27.14957264957265,7.0,13.0,Failed,224.93
112,42914,1994-03-30,2014-08-04,2019-05-13,Freshmen,uknown,Female,Athlete,209.76,190.62,Non-Smoker,6.118,85.06,80.56,69.25,85.2,Out of state,On Campus,Other,27.14957264957265,4.0,10.0,Failed,235.01
113,43402,1994-03-25,2014-08-04,2020-05-11,Freshmen,education - k-12,Female,Non-Athlete,197.43,171.38,Non-Smoker,9.247,82.11,77.55,60.62,70.67,Unknown,On Campus,Other,27.14957264957265,4.0,5.0,Failed,208.83999999999997
114,43610,1994-03-23,2014-08-04,2020-05-11,Freshmen,studio art,Female,Non-Athlete,209.10000000000002,216.06,Past Smoker,8.478,79.61,78.38,45.79,77.91,In state,On Campus,Other,27.14957264957265,3.0,6.0,Failed,202.07999999999998
115,44736,1994-03-11,2014-08-04,2020-05-11,Freshmen,finance,Male,Athlete,205.86,188.81,Non-Smoker,5.393,87.96,90.1,70.07,79.52168316831683,In state,Off Campus,Public Transport,64.0,4.0,4.0,Passed,239.6916831683168
116,44661,1994-03-10,2014-08-04,2020-05-11,Freshmen,clinical psychology,Female,Non-Athlete,174.93,113.11,Non-Smoker,8.133,80.84,82.97,65.46800947867298,83.36,In state,On Campus,Other,27.14957264957265,6.0,4.0,Failed,231.798009478673
117,45104,1994-03-05,2014-08-04,2020-05-11,Freshmen,uknown,Male,Non-Athlete,195.87,167.51,Non-Smoker,7.617,80.64,82.78,60.13,86.08,Out of state,On Campus,Other,27.14957264957265,6.0,1.0,Failed,228.99
118,45303,1994-03-04,2014-08-04,2020-05-11,Freshmen,journalism,Male,Athlete,228.36,181.03156914893617,Non-Smoker,5.605,96.42,99.42,77.14,81.3,In state,Unknown,Other,27.14957264957265,4.0,1.0,Passed,257.86
119,45377,1994-03-01,2014-08-04,2019-05-13,Freshmen,applied math,Female,Non-Athlete,178.68,119.99,Non-Smoker,6.829,83.6,91.38,68.61,80.35,In state,Off Campus,Bike,11.0,5.4813829787234045,7.279891304347826,Failed,240.34
120,45559,1994-02-28,2014-08-04,2020-05-11,Freshmen,spanish,Male,Non-Athlete,201.95999999999998,216.58,Past Smoker,6.451,76.55,74.41,64.2,71.37,In state,Off Campus,Car,30.0,7.0,4.0,Failed,209.98000000000002
121,45550,1994-02-26,2014-08-04,2019-05-13,Freshmen,businness,Female,Athlete,211.23,181.03156914893617,Non-Smoker,5.91,84.6,67.82,62.77,82.73,In state,Off Campus,Car,32.0,5.0,4.0,Failed,213.32
122,45901,1994-02-24,2014-08-04,2020-05-11,Freshmen,nursing,Male,Athlete,230.28000000000003,181.03156914893617,Non-Smoker,4.741,78.37,83.32,65.79,81.93,In state,On Campus,Other,27.14957264957265,10.0,4.0,Failed,231.04000000000002
123,46109,1994-02-21,2014-08-04,2020-05-11,Freshmen,applied mathematics,Male,Non-Athlete,183.48,132.78,Non-Smoker,6.581933155080214,90.8,77.92,65.46,75.46,In state,On Campus,Other,27.14957264957265,12.0,3.0,Failed,218.83999999999997
124,46808,1994-02-12,2014-08-04,2019-05-13,Freshmen,music - piano performance,Male,Non-Athlete,215.37,155.62,Current,7.221,90.18,81.7,80.51,75.58,In state,Off Campus,Public Transport,45.0,7.0,6.0,Passed,237.79000000000002
125,46968,1994-02-10,2014-08-04,2020-05-11,Freshmen,french,Female,Athlete,208.64999999999998,160.06,Non-Smoker,5.959,88.85,78.56,54.49,85.91,In state,Unknown,Other,27.14957264957265,7.0,5.0,Failed,218.96
126,48216,1994-01-26,2014-08-04,2020-05-11,Freshmen,chem,Male,Athlete,213.63,170.94,Current,6.581933155080214,94.33,76.88,74.19,79.99,In state,On Campus,Other,27.14957264957265,8.0,4.0,Passed,231.06
127,49381,1994-01-11,2014-08-04,2019-05-13,Freshmen,uknown,Female,Non-Athlete,184.59,202.95,Current,6.581933155080214,80.03,80.19,65.69,86.64,In state,Off Campus,Car,35.0,3.0,7.279891304347826,Failed,232.51999999999998
128,49838,1994-01-08,2014-08-04,2019-05-13,Freshmen,uknown,Male,Athlete,214.68,181.03156914893617,Non-Smoker,5.651,68.97,78.16,60.06,71.87,In state,On Campus,Other,27.14957264957265,10.0,7.0,Failed,210.09
129,20248,1994-01-01,2014-08-04,2020-05-11,Freshmen,stats,Unknown,Non-Athlete,183.96,153.87,Current,6.449,88.31,97.32,85.07,88.38,Out of state,Off Campus,Car,30.0,5.0,6.0,Passed,270.77
130,24267,1993-11-13,2014-08-04,2019-05-13,Freshmen,uknown,Female,Non-Athlete,171.03,113.66,Non-Smoker,6.822,86.13,84.98,59.08,81.71,Out of state,On Campus,Other,27.14957264957265,4.0,17.0,Failed,225.76999999999998
131,25577,1993-10-28,2014-08-04,2020-05-11,Freshmen,psychology,Female,Non-Athlete,201.54000000000002,178.16,Current,8.138,91.36,77.64,59.33,89.69,In state,On Campus,Other,27.14957264957265,7.0,4.0,Failed,226.66
132,25893,1993-10-25,2014-08-04,2020-05-11,Freshmen,uknown,Male,Athlete,210.99,189.23,Non-Smoker,5.798,78.84,71.03,60.19,74.68,Unknown,Off Campus,Car,31.0,5.0,7.279891304347826,Failed,205.9
133,26481,1993-10-18,2014-08-04,2019-05-13,Freshmen,uknown,Male,Athlete,220.07999999999998,181.2,Unknown,5.707,64.01,76.44,68.95,73.62,Out of state,On Campus,Other,27.14957264957265,4.0,11.0,Failed,219.01
134,26998,1993-10-11,2014-08-04,2020-05-11,Freshmen,social work,Male,Athlete,223.68,205.34,Non-Smoker,5.259,85.24,81.39,70.74,79.52168316831683,In state,Off Campus,Car,28.0,3.0,7.0,Passed,231.65168316831682
135,27765,1993-10-01,2014-08-04,2019-05-13,Freshmen,history,Female,Athlete,203.13,196.48,Non-Smoker,5.978,70.26,69.19,64.17,66.76,Out of state,On Campus,Other,27.14957264957265,5.4813829787234045,11.0,Failed,200.12
136,30426,1993-08-31,2014-08-04,2019-05-13,Freshmen,uknown,Male,Non-Athlete,222.39,157.94,Non-Smoker,8.044,80.01,82.0708,59.68,76.8,In state,On Campus,Other,27.14957264957265,3.0,7.279891304347826,Failed,218.55079999999998
137,31807,1993-08-14,2014-08-04,2019-05-13,Freshmen,nursing,Male,Non-Athlete,234.60000000000002,291.99,Non-Smoker,7.177,82.78755501222494,73.72,58.64,77.89,Out of state,On Campus,Other,27.14957264957265,1.0,3.0,Failed,210.25
138,32219,1993-08-09,2014-08-04,2020-05-11,Freshmen,family and consumer science,Male,Non-Athlete,211.20000000000002,246.64,Non-Smoker,5.753,82.45,89.05,85.19,75.51,Out of state,On Campus,Other,27.14957264957265,6.0,7.279891304347826,Passed,249.75
139,32187,1993-08-09,2014-08-04,2019-05-13,Freshmen,paralegal studies,Male,Athlete,206.64,152.39,Non-Smoker,4.704,89.08,89.63,65.46800947867298,72.86,In state,On Campus,Other,27.14957264957265,6.0,10.0,Failed,227.95800947867298
140,32776,1993-08-02,2014-08-04,2020-05-11,Freshmen,english,Female,Non-Athlete,198.12,221.5,Non-Smoker,8.057,89.33,89.86,59.7,84.88,In state,Unknown,Car,39.0,5.4813829787234045,12.0,Failed,234.44
141,34019,1993-07-18,2014-08-04,2019-05-13,Freshmen,statistics,Male,Non-Athlete,193.98,253.22,Current,6.581933155080214,86.16,94.94,68.78,71.93,Out of state,Off Campus,Car,25.0,10.0,5.0,Failed,235.65
142,34705,1993-07-10,2014-08-04,2019-05-13,Freshmen,uknown,Male,Non-Athlete,223.74,269.38,Non-Smoker,6.85,82.95,63.56,57.54,75.98,In state,On Campus,Other,27.14957264957265,1.0,7.0,Failed,197.07999999999998
143,34595,1993-07-10,2014-08-04,2019-05-13,Freshmen,uknown,Female,Athlete,196.92000000000002,151.96,Non-Smoker,5.544,93.78,83.49,66.03,77.69,Out of state,On Campus,Other,27.14957264957265,6.0,4.0,Failed,227.20999999999998
144,36109,1993-06-22,2014-08-04,2019-05-13,Freshmen,uknown,Female,Athlete,208.98,168.23,Non-Smoker,5.162,82.92,81.07,64.33,81.49,Out of state,On Campus,Other,27.14957264957265,5.0,4.0,Failed,226.89
145,36524,1993-06-18,2014-08-04,2020-05-11,Freshmen,uknown,Male,Athlete,222.81,167.12,Current,5.707,75.05,71.04,54.73,72.09,In state,On Campus,Other,27.14957264957265,5.0,2.0,Failed,197.86
146,38091,1993-05-29,2014-08-04,2019-05-13,Freshmen,uknown,Male,Athlete,236.04000000000002,238.64,Current,5.768,67.03,68.43,64.06,68.87,In state,On Campus,Other,27.14957264957265,5.0,8.0,Failed,201.36
147,40408,1993-05-02,2014-08-04,2019-05-13,Freshmen,math,Male,Non-Athlete,221.70000000000002,181.27,Non-Smoker,6.581933155080214,75.66,81.97,60.76,75.2,In state,On Campus,Other,27.14957264957265,8.0,8.0,Failed,217.93
148,40803,1993-04-24,2014-08-04,2019-05-13,Freshmen,what?,Female,Non-Athlete,187.14000000000001,135.52,Non-Smoker,6.566,94.64,89.06,70.44,88.15,In state,On Campus,Other,27.14957264957265,3.0,2.0,Passed,247.65
149,41397,1993-04-19,2014-08-04,2020-05-11,Freshmen,none of ur bisness!,Female,Non-Athlete,176.79,163.72,Non-Smoker,6.673,84.86,80.98,71.64,86.86,In state,Off Campus,Car,20.0,10.0,6.0,Passed,239.48000000000002
150,43142,1993-03-30,2014-08-04,2020-05-11,Freshmen,forensic psych,Male,Non-Athlete,204.0952941176471,174.81,Non-Smoker,6.348,96.48,81.68,63.49,85.67,In state,On Campus,Other,27.14957264957265,1.0,5.0,Failed,230.84000000000003
151,44929,1993-03-07,2014-08-04,2020-05-11,Freshmen,visual journalism (photojournalism),Male,Non-Athlete,191.31,236.64,Non-Smoker,6.599,86.35,88.85,70.36,74.82,In state,On Campus,Other,27.14957264957265,10.0,16.0,Passed,234.02999999999997
152,44752,1993-03-07,2014-08-04,2020-05-11,Freshmen,physics,Female,Non-Athlete,213.29999999999998,150.07,Non-Smoker,8.897,85.36,90.18,60.03,85.15,In state,On Campus,Other,27.14957264957265,3.0,1.0,Failed,235.36
153,45420,1993-03-01,2014-08-04,2020-05-11,Freshmen,comp sci,Male,Athlete,209.31,230.59,Non-Smoker,4.62,84.4,76.6,63.42,72.67,In state,On Campus,Other,27.14957264957265,5.4813829787234045,16.0,Failed,212.69
154,48309,1993-01-24,2014-08-04,2019-05-13,Freshmen,forensics,Female,Non-Athlete,196.86,123.84,Non-Smoker,6.581933155080214,80.59,94.7,74.54,84.25,In state,On Campus,Other,27.14957264957265,10.0,4.0,Passed,253.49
155,48509,1993-01-24,2014-08-04,2020-05-11,Freshmen,marketing,Male,Athlete,198.81,119.07,Non-Smoker,4.556,79.81,77.98,65.48,83.37,In state,On Campus,Other,27.14957264957265,6.0,5.0,Failed,226.83
156,48541,1993-01-23,2014-08-04,2020-05-11,Freshmen,business admin,Male,Non-Athlete,224.57999999999998,267.24,Non-Smoker,8.899,90.87,76.84,71.09,80.39,In state,On Campus,Other,27.14957264957265,5.4813829787234045,3.0,Passed,228.32
157,48591,1993-01-22,2014-08-04,2020-05-11,Freshmen,geology,Male,Athlete,207.27,198.92,Non-Smoker,4.695,67.77,77.46,59.51,79.52168316831683,In state,Off Campus,Car,21.0,6.0,7.279891304347826,Failed,216.49168316831683
158,48942,1993-01-16,2014-08-04,2019-05-13,Freshmen,english composition,Female,Non-Athlete,209.52,238.91,Non-Smoker,6.756,81.22,83.18,85.32,79.52168316831683,In state,Off Campus,Other,27.14957264957265,5.4813829787234045,9.0,Passed,248.02168316831683
159,49342,1993-01-11,2014-08-04,2019-05-13,Freshmen,community counseling,Female,Non-Athlete,165.14999999999998,153.83,Non-Smoker,6.35,73.72,77.73,66.57,79.52168316831683,In state,On Campus,Other,27.14957264957265,5.4813829787234045,7.279891304347826,Failed,223.82168316831684
160,20680,1992-12-27,2014-08-04,2020-05-11,Freshmen,uknown,Female,Athlete,203.19,169.9,Non-Smoker,6.621,85.34,84.05,50.7,79.52168316831683,In state,On Campus,Other,27.14957264957265,6.0,2.0,Failed,214.27168316831683
161,22425,1992-12-06,2014-08-04,2020-05-11,Freshmen,criminology,Female,Athlete,195.09,181.03156914893617,Unknown,5.817,82.8,79.38,51.32,75.98,In state,Off Campus,Car,28.0,6.0,4.0,Failed,206.68
162,31793,1992-08-13,2014-08-04,2020-05-11,Freshmen,phsycology,Female,Non-Athlete,173.52,155.57,Current,8.014,94.74,96.24,69.93,88.19,In state,On Campus,Other,27.14957264957265,4.0,4.0,Failed,254.36
163,32415,1992-08-07,2014-08-04,2020-05-11,Freshmen,elementary education (k-6),Unknown,Athlete,203.94,194.94,Non-Smoker,6.581933155080214,87.86,75.84,65.55,77.06,In state,On Campus,Other,27.14957264957265,6.0,3.0,Failed,218.45
164,34176,1992-07-17,2014-08-04,2019-05-13,Freshmen,cs,Male,Athlete,209.10000000000002,173.56,Non-Smoker,5.522,65.26,77.09,56.32,72.51,Out of state,On Campus,Other,27.14957264957265,4.0,5.0,Failed,205.92000000000002
165,41411,1992-04-17,2014-08-04,2020-05-11,Freshmen,fashion merchandizing,Female,Athlete,198.87,181.03156914893617,Non-Smoker,6.581933155080214,86.76,74.05,48.78,91.14,Out of state,On Campus,Other,27.14957264957265,10.0,5.0,Failed,213.97
166,42540,1992-04-04,2014-08-04,2019-05-13,Freshmen,uknown,Female,Athlete,195.89999999999998,153.17,Non-Smoker,5.36,75.06,79.5,59.1,76.46,Out of state,On Campus,Other,27.14957264957265,6.0,6.0,Failed,215.06
167,44533,1992-03-13,2014-08-04,2020-05-11,Freshmen,liberal studies,Male,Non-Athlete,204.27,181.03156914893617,Non-Smoker,8.755,98.81,80.59,65.46800947867298,81.6,Out of state,On Campus,Other,27.14957264957265,10.0,5.0,Failed,227.658009478673
168,45711,1992-02-28,2014-08-04,2019-05-13,Freshmen,chem,Male,Non-Athlete,237.75,334.44,Non-Smoker,6.485,81.84,87.51,67.33,77.83,Out of state,Unknown,Car,22.0,4.0,7.279891304347826,Failed,232.67000000000002
169,43692,1991-03-22,2014-08-04,2020-05-11,Freshmen,biometrics,Female,Non-Athlete,173.46,170.81,Non-Smoker,6.581933155080214,85.53,89.67,78.05,79.52168316831683,In state,On Campus,Other,27.14957264957265,8.0,7.0,Passed,247.24168316831683
170,21606,1990-12-17,2014-08-04,2020-05-11,Freshmen,english,Female,Athlete,205.20000000000002,159.92,Non-Smoker,5.671,83.33,94.15,67.51,74.97,In state,On Campus,Other,27.14957264957265,2.0,6.0,Failed,236.63000000000002
171,22186,1989-12-10,2014-08-04,2020-05-11,Freshmen,zoology,Male,Non-Athlete,209.91,210.45,Past Smoker,8.549,94.41,92.48,73.18,84.32,In state,On Campus,Other,27.14957264957265,5.4813829787234045,9.0,Passed,249.98000000000002
172,28642,1987-09-22,2014-08-04,2020-05-11,Freshmen,human development and family studies,Female,Non-Athlete,196.35000000000002,150.12,Non-Smoker,6.581933155080214,80.82,69.0,62.53,82.44,In state,Unknown,Other,27.14957264957265,5.4813829787234045,10.0,Failed,213.97
173,44795,1987-03-08,2014-08-04,2019-05-13,Freshmen,uknown,Female,Non-Athlete,209.82,240.42,Unknown,6.598,93.0,83.23,86.66,90.94,Unknown,On Campus,Other,27.14957264957265,5.0,5.0,Passed,260.83
174,47027,1987-02-10,2014-08-04,2019-05-13,Freshmen,uknown,Female,Non-Athlete,188.19,181.03156914893617,Past Smoker,7.98,80.74,78.99,59.38,76.49,In state,On Campus,Other,27.14957264957265,3.0,11.0,Failed,214.86
175,22416,1993-05-25,2014-08-04,2019-05-13,Freshmen,uknown,Male,Athlete,204.0952941176471,181.03156914893617,Non-Smoker,4.679,76.87,81.84,76.81,76.28,In state,Off Campus,Car,32.0,6.0,2.0,Passed,234.93
176,20255,1996-01-01,2013-08-05,2018-05-14,Sophomore,double major english and communications,Female,Non-Athlete,197.25,181.03156914893617,Non-Smoker,7.684,80.46,81.22,46.3,72.24,Out of state,Unknown,Car,26.0,5.4813829787234045,2.0,Failed,199.76
177,20826,1995-12-25,2013-08-05,2018-05-14,Sophomore,uknown,Male,Non-Athlete,198.63,227.9,Non-Smoker,6.229,77.38,67.59,66.59,76.47,In state,On Campus,Other,27.14957264957265,9.0,7.0,Failed,210.65
178,22494,1995-12-05,2013-08-05,2018-05-14,Sophomore,premed,Male,Athlete,194.76,129.16,Non-Smoker,5.139,83.11,75.79,65.43,79.52168316831683,Unknown,Unknown,Other,27.14957264957265,4.0,5.0,Failed,220.74168316831685
179,27688,1995-10-02,2013-08-05,2018-05-14,Sophomore,archaeology,Female,Non-Athlete,208.23,170.86,Past Smoker,7.652,86.99,84.61,78.33,84.56,Out of state,On Campus,Other,27.14957264957265,5.4813829787234045,3.0,Passed,247.5
180,29363,1995-09-12,2013-08-05,2019-05-13,Sophomore,uknown,Female,Non-Athlete,200.79000000000002,218.56,Unknown,6.615,90.33,96.79,69.79,93.01,In state,On Campus,Other,27.14957264957265,4.0,7.279891304347826,Failed,259.59000000000003
181,34623,1995-07-10,2013-08-05,2018-05-14,Sophomore,uknown,Female,Non-Athlete,198.63,217.45,Non-Smoker,6.902,78.2,75.92,46.99,81.43,Unknown,Off Campus,Car,35.0,7.0,8.0,Failed,204.34
182,35350,1995-07-01,2013-08-05,2018-05-14,Sophomore,uknown,Female,Non-Athlete,169.07999999999998,126.47,Non-Smoker,7.57,87.33,67.42,53.17,87.05,Out of state,On Campus,Other,27.14957264957265,7.0,3.0,Failed,207.64
183,36655,1995-06-16,2013-08-05,2019-05-13,Sophomore,biostatistics,Male,Athlete,193.17000000000002,194.98,Non-Smoker,5.27,81.9,81.98,73.83,73.72,In state,Off Campus,Car,24.0,8.0,6.0,Passed,229.53
184,46265,1995-02-20,2013-08-05,2018-05-14,Sophomore,bio tech,Male,Athlete,209.91,172.91,Non-Smoker,5.521,91.92,73.49,63.88,85.42,In state,Off Campus,Other,27.14957264957265,8.0,7.279891304347826,Failed,222.79000000000002
185,22617,1994-12-04,2013-08-05,2018-05-14,Sophomore,graphic design with a minor in photography,Male,Athlete,222.14999999999998,181.03156914893617,Current,5.504,82.14,86.18,67.71,76.71,In state,On Campus,Other,27.14957264957265,5.0,7.0,Failed,230.59999999999997
186,25034,1994-11-04,2013-08-05,2018-05-14,Sophomore,secondary education,Female,Non-Athlete,199.04999999999998,181.03156914893617,Non-Smoker,7.403,74.68,75.42,62.08,77.96,In state,On Campus,Other,27.14957264957265,5.0,3.0,Failed,215.45999999999998
187,25221,1994-11-02,2013-08-05,2018-05-14,Sophomore,world history,Male,Athlete,201.93,206.56,Non-Smoker,5.02,73.12,87.62,63.49,69.56,In state,On Campus,Other,27.14957264957265,6.0,2.0,Failed,220.67000000000002
188,26961,1994-10-11,2013-08-05,2019-05-13,Sophomore,uknown,Female,Non-Athlete,181.53,134.85,Non-Smoker,7.802,83.45,90.41,60.94,76.85,In state,Off Campus,Car,18.0,5.0,4.0,Failed,228.2
189,27435,1994-10-05,2013-08-05,2019-05-13,Sophomore,uknown,Female,Non-Athlete,186.96,186.5,Past Smoker,6.876,83.83,94.87,73.25,81.85,In state,Off Campus,Car,32.0,1.0,5.0,Passed,249.97
190,28084,1994-09-29,2013-08-05,2019-05-13,Sophomore,architecture,Male,Non-Athlete,210.48,181.03156914893617,Non-Smoker,8.246,91.72,86.81,71.22,81.83,In state,On Campus,Other,27.14957264957265,6.0,4.0,Passed,239.86
191,28460,1994-09-23,2013-08-05,2018-05-14,Sophomore,photography/photo illustration,Female,Athlete,200.85000000000002,161.61,Non-Smoker,5.632,77.68,73.78,61.55,86.28,In state,On Campus,Other,27.14957264957265,4.0,3.0,Failed,221.60999999999999
192,28570,1994-09-22,2013-08-05,2019-05-13,Sophomore,uknown,Male,Non-Athlete,203.79000000000002,136.96,Current,6.581933155080214,71.28,66.97,59.05,77.43,In state,On Campus,Other,27.14957264957265,9.0,7.279891304347826,Failed,203.45
193,29313,1994-09-13,2013-08-05,2018-05-14,Sophomore,fashion design,Male,Athlete,196.68,162.63,Past Smoker,5.153,86.47,85.19,64.45,79.36,In state,On Campus,Other,27.14957264957265,5.0,3.0,Failed,229.0
194,31189,1994-08-21,2013-08-05,2019-05-13,Sophomore,phys ed,Male,Athlete,226.32,205.84,Non-Smoker,5.886,81.19,89.84,68.4,81.66,In state,On Campus,Other,27.14957264957265,8.0,12.0,Failed,239.9
195,31576,1994-08-16,2013-08-05,2018-05-14,Sophomore,uknown,Female,Athlete,195.06,143.05,Non-Smoker,5.644,82.78755501222494,80.45,66.51,72.36,In state,On Campus,Other,27.14957264957265,8.0,1.0,Failed,219.32
196,32437,1994-08-06,2013-08-05,2019-05-13,Sophomore,education - social studies,Female,Non-Athlete,186.84,128.98,Non-Smoker,6.476,74.59,72.61,63.64,78.86,Unknown,Off Campus,Car,18.0,6.0,1.0,Failed,215.11
197,32439,1994-08-05,2013-08-05,2018-05-14,Sophomore,uknown,Female,Athlete,196.35000000000002,149.18,Non-Smoker,5.472,91.44,96.56,76.42,87.32,Out of state,Off Campus,Car,28.0,8.0,7.0,Passed,260.3
198,33117,1994-07-28,2013-08-05,2019-05-13,Sophomore,english literature,Female,Athlete,189.81,122.85,Non-Smoker,5.303,87.75,81.48,62.87,80.16,In state,On Campus,Other,27.14957264957265,5.0,7.0,Failed,224.51
199,33377,1994-07-25,2013-08-05,2019-05-13,Sophomore,uknown,Female,Non-Athlete,172.5,103.44,Non-Smoker,7.708,84.18,87.59,61.3,82.64,In state,On Campus,Other,27.14957264957265,8.0,3.0,Failed,231.52999999999997
200,33454,1994-07-24,2013-08-05,2018-05-14,Sophomore,uknown,Female,Non-Athlete,228.89999999999998,228.36,Current,7.586,82.78755501222494,76.12,64.49,85.19,In state,Off Campus,Car,37.0,6.0,4.0,Failed,225.8
201,36104,1994-06-23,2013-08-05,2019-05-13,Sophomore,eudcation,Male,Athlete,212.21999999999997,175.65,Non-Smoker,4.716,76.49,89.04,62.25,67.08,In state,Off Campus,Car,26.0,1.0,10.0,Failed,218.37
202,36406,1994-06-18,2013-08-05,2019-05-13,Sophomore,marketing & graphic design,Female,Non-Athlete,204.63,219.26,Non-Smoker,7.337,82.46,98.48,60.56,78.51,In state,On Campus,Other,27.14957264957265,4.0,8.0,Failed,237.55
203,36714,1994-06-16,2013-08-05,2019-05-13,Sophomore,busieness,Male,Non-Athlete,209.79000000000002,199.78,Unknown,6.905,95.11,94.66,73.25,77.75,In state,On Campus,Other,27.14957264957265,6.0,6.0,Passed,245.66
204,36693,1994-06-14,2013-08-05,2019-05-13,Sophomore,accounting,Female,Non-Athlete,202.95000000000002,127.16,Current,9.475,80.53,87.96,64.28,81.96,In state,On Campus,Other,27.14957264957265,5.0,5.0,Failed,234.2
205,37615,1994-06-02,2013-08-05,2018-05-14,Sophomore,science education (k-12),Female,Athlete,204.99,156.75,Unknown,5.769,76.01,79.17,65.63,79.52168316831683,In state,On Campus,Other,27.14957264957265,5.0,7.0,Failed,224.32168316831684
206,38362,1994-05-26,2013-08-05,2019-05-13,Sophomore,uknown,Male,Non-Athlete,222.87,184.6,Non-Smoker,9.071,90.5,84.56,68.59,73.07,In state,On Campus,Other,27.14957264957265,4.0,1.0,Failed,226.22
207,38549,1994-05-24,2013-08-05,2019-05-13,Sophomore,chem engineering,Male,Non-Athlete,235.64999999999998,164.79,Non-Smoker,8.142,91.2,89.95,77.45,82.24,Unknown,Off Campus,Car,24.0,6.0,3.0,Passed,249.64
208,41157,1994-04-21,2013-08-05,2019-05-13,Sophomore,uknown,Female,Non-Athlete,219.36,159.82,Non-Smoker,8.512,77.67,92.88,76.91,78.91,Out of state,On Campus,Other,27.14957264957265,11.0,4.0,Passed,248.7
209,41227,1994-04-19,2013-08-05,2018-05-14,Sophomore,uknown,Female,Non-Athlete,204.0952941176471,272.51,Non-Smoker,7.296,87.73,80.22,69.55,82.11,In state,On Campus,Other,27.14957264957265,5.0,8.0,Failed,231.88
210,41870,1994-04-11,2013-08-05,2019-05-13,Sophomore,i am currently exploring options,Female,Non-Athlete,165.0,101.71,Non-Smoker,7.433,86.23,89.19,61.2,88.91,Out of state,Unknown,Car,24.0,9.0,3.0,Failed,239.29999999999998
211,42217,1994-04-07,2013-08-05,2018-05-14,Sophomore,uknown,Unknown,Athlete,210.29999999999998,186.81,Non-Smoker,5.617,87.15,91.86,70.96,89.84,Out of state,On Campus,Other,27.14957264957265,7.0,4.0,Passed,252.66
212,42783,1994-04-03,2013-08-05,2018-05-14,Sophomore,neuroscience,Male,Non-Athlete,184.98,181.77,Current,7.332,87.71,91.03,76.42,84.27,In state,Off Campus,Car,28.0,7.0,2.0,Passed,251.71999999999997
213,42830,1994-04-02,2013-08-05,2018-05-14,Sophomore,econ,Male,Athlete,232.64999999999998,166.64,Non-Smoker,5.238,76.12,88.46,66.48,79.52168316831683,In state,Off Campus,Car,28.0,5.4813829787234045,2.0,Failed,234.46168316831682
214,42791,1994-04-01,2013-08-05,2019-05-13,Sophomore,theology,Female,Non-Athlete,190.56,180.09,Non-Smoker,9.241,85.62,82.48,82.4,87.1,In state,On Campus,Other,27.14957264957265,10.0,5.0,Passed,251.98
215,43973,1994-03-17,2013-08-05,2018-05-14,Sophomore,mathematics,Female,Non-Athlete,222.29999999999998,212.69,Current,8.429,80.53,94.46,76.73,86.66,Unknown,On Campus,Other,27.14957264957265,12.0,3.0,Passed,257.85
216,47506,1994-02-03,2013-08-05,2019-05-13,Sophomore,biology,Female,Athlete,188.22,161.47,Non-Smoker,6.581933155080214,75.09,88.17,72.1,76.65,Unknown,On Campus,Other,27.14957264957265,8.0,7.0,Passed,236.92
217,49879,1994-01-07,2013-08-05,2018-05-14,Sophomore,exercise science,Male,Athlete,216.27,217.25,Non-Smoker,5.46,72.8,73.18,53.71,72.41,Out of state,Off Campus,Car,27.0,6.0,4.0,Failed,199.3
218,20402,1993-12-31,2013-08-05,2018-05-14,Sophomore,biz admin,Male,Non-Athlete,187.38,202.77,Non-Smoker,6.132,74.15,80.96,69.39,75.77,In state,Off Campus,Car,30.0,9.0,7.0,Failed,226.12
219,20626,1993-12-28,2013-08-05,2019-05-13,Sophomore,uknown,Female,Non-Athlete,172.26,179.34,Current,6.619,73.12,81.34,69.47,78.81,In state,Off Campus,Public Transport,53.0,6.0,2.0,Failed,229.62
220,20903,1993-12-25,2013-08-05,2019-05-13,Sophomore,uknown,Male,Athlete,197.96999999999997,141.53,Non-Smoker,5.663,89.95,83.61,61.04,78.86,In state,Off Campus,Car,23.0,5.4813829787234045,4.0,Failed,223.51
221,22742,1993-12-02,2013-08-05,2018-05-14,Sophomore,sports med,Female,Non-Athlete,223.41,181.03156914893617,Non-Smoker,7.499,84.14,68.46,47.42,85.33,Unknown,On Campus,Other,27.14957264957265,4.0,8.0,Failed,201.20999999999998
222,23731,1993-11-20,2013-08-05,2019-05-13,Sophomore,theater,Male,Athlete,218.07,209.32,Non-Smoker,5.554,87.83,84.06,63.32,72.53,In state,Off Campus,Public Transport,57.0,4.0,3.0,Failed,219.91
223,25714,1993-10-27,2013-08-05,2018-05-14,Sophomore,uknown,Unknown,Non-Athlete,184.47,237.06,Non-Smoker,6.32,82.23,86.94,62.51,75.63,In state,Unknown,Other,27.14957264957265,5.4813829787234045,6.0,Failed,225.07999999999998
224,28053,1993-09-28,2013-08-05,2019-05-13,Sophomore,math ed,Female,Non-Athlete,203.31,150.92,Non-Smoker,8.17,88.16,80.86,58.27,78.2,In state,On Campus,Other,27.14957264957265,7.0,3.0,Failed,217.32999999999998
225,28668,1993-09-21,2013-08-05,2019-05-13,Sophomore,undecided,Male,Athlete,195.39,158.49,Non-Smoker,6.581933155080214,77.07,86.95,68.02,79.05,In state,Unknown,Other,27.14957264957265,5.0,12.0,Failed,234.01999999999998
226,29238,1993-09-14,2013-08-05,2018-05-14,Sophomore,urban studies,Male,Athlete,229.32,195.2,Non-Smoker,5.232,86.46,91.52,74.07,78.15,In state,Off Campus,Car,33.0,8.0,13.0,Passed,243.73999999999998
227,30418,1993-08-31,2013-08-05,2019-05-13,Sophomore,nursing,Unknown,Non-Athlete,194.25,227.08,Non-Smoker,6.52,96.16,78.02,58.29,79.61,Unknown,Off Campus,Car,40.0,7.0,7.279891304347826,Failed,215.92000000000002
228,30720,1993-08-27,2013-08-05,2018-05-14,Sophomore,pan-african studies and english,Male,Non-Athlete,194.49,159.95,Non-Smoker,6.897,82.06,78.72,73.13,73.33,In state,Off Campus,Car,21.0,13.0,12.0,Passed,225.18
229,35687,1993-06-26,2013-08-05,2019-05-13,Sophomore,sociology,Female,Non-Athlete,171.99,108.01,Non-Smoker,8.525,81.74,83.16,46.25,84.22,In state,On Campus,Other,27.14957264957265,8.0,7.0,Failed,213.63
230,36368,1993-06-19,2013-08-05,2019-05-13,Sophomore,uknown,Male,Athlete,224.88,183.16,Non-Smoker,4.642,68.77,85.45,64.91,70.19,Out of state,Off Campus,Public Transport,40.0,10.0,7.279891304347826,Failed,220.55
231,36336,1993-06-18,2013-08-05,2018-05-14,Sophomore,economics,Female,Non-Athlete,203.10000000000002,123.31,Non-Smoker,8.103,82.15,96.24,67.59,79.11,In state,Off Campus,Car,26.0,3.0,4.0,Failed,242.94
232,37105,1993-06-08,2013-08-05,2018-05-14,Sophomore,undecided,Female,Athlete,198.45000000000002,181.03156914893617,Current,6.651,76.62,79.86,59.55,82.14,In state,Off Campus,Car,24.0,5.0,3.0,Failed,221.55
233,37421,1993-06-07,2013-08-05,2018-05-14,Sophomore,englis,Male,Athlete,211.07999999999998,217.99,Non-Smoker,5.755,82.78755501222494,92.05,78.63,78.19,In state,Off Campus,Public Transport,51.0,4.0,5.0,Passed,248.87
234,37301,1993-06-06,2013-08-05,2018-05-14,Sophomore,uknown,Female,Non-Athlete,204.0952941176471,180.47,Current,7.623,90.83,90.28,66.51,78.65,Out of state,Off Campus,Public Transport,43.0,7.0,1.0,Failed,235.44000000000003
235,38418,1993-05-25,2013-08-05,2018-05-14,Sophomore,uknown,Male,Non-Athlete,200.96999999999997,122.67,Non-Smoker,7.08,69.32,66.09,51.08,80.44,In state,On Campus,Other,27.14957264957265,7.0,5.0,Failed,197.61
236,38724,1993-05-21,2013-08-05,2019-05-13,Sophomore,i'm not answering this. this survey is too long and i am b,Female,Athlete,188.94,159.58,Non-Smoker,5.536,80.71,80.56,65.46800947867298,75.48,In state,On Campus,Other,27.14957264957265,4.0,4.0,Failed,221.508009478673
237,41156,1993-04-21,2013-08-05,2019-05-13,Sophomore,uknown,Female,Athlete,199.82999999999998,172.85,Non-Smoker,5.083,82.78755501222494,81.11,72.83,90.81,Unknown,Off Campus,Car,27.0,6.0,16.0,Passed,244.75
238,41503,1993-04-19,2013-08-05,2019-05-13,Sophomore,uknown,Male,Non-Athlete,205.04999999999998,216.11,Non-Smoker,6.326,85.29,72.55,65.46800947867298,80.46,In state,On Campus,Other,27.14957264957265,5.0,13.0,Failed,218.47800947867296
239,43678,1993-03-24,2013-08-05,2018-05-14,Sophomore,business admin,Unknown,Athlete,201.45000000000002,187.29,Non-Smoker,5.108,73.31,81.99,73.2,74.14,In state,On Campus,Other,27.14957264957265,2.0,4.0,Passed,229.32999999999998
240,43971,1993-03-18,2013-08-05,2019-05-13,Sophomore,uknown,Female,Athlete,194.10000000000002,182.59,Non-Smoker,6.093,83.27,80.54,70.55,86.27,In state,On Campus,Other,27.14957264957265,4.0,7.279891304347826,Passed,237.36
241,45902,1993-02-24,2013-08-05,2019-05-13,Sophomore,uknown,Male,Non-Athlete,195.66,154.11,Current,6.581933155080214,85.16,83.96,64.56,90.62,In state,On Campus,Other,27.14957264957265,10.0,6.0,Failed,239.14
242,46663,1993-02-13,2013-08-05,2018-05-14,Sophomore,uknown,Female,Non-Athlete,212.31,267.37,Past Smoker,6.391,84.79,87.04,64.34,76.01,Out of state,On Campus,Other,27.14957264957265,5.0,5.0,Failed,227.39
243,47339,1993-02-04,2013-08-05,2019-05-13,Sophomore,uknown,Female,Athlete,199.89,164.82,Non-Smoker,6.092,69.78,77.16,62.23,78.04,In state,Off Campus,Car,32.0,10.0,13.0,Failed,217.43
244,47912,1993-01-29,2013-08-05,2019-05-13,Sophomore,comm,Male,Non-Athlete,192.93,211.65,Non-Smoker,6.581933155080214,88.02,81.46,57.78,80.37,Out of state,On Campus,Other,27.14957264957265,4.0,4.0,Failed,219.61
245,48764,1993-01-16,2013-08-05,2018-05-14,Sophomore,uknown,Female,Non-Athlete,182.82,198.51,Current,6.29,85.55,88.08,72.74,89.31,In state,Off Campus,Car,31.0,6.0,7.279891304347826,Passed,250.13
246,49386,1993-01-11,2013-08-05,2019-05-13,Sophomore,spanish,Female,Non-Athlete,204.99,170.81,Non-Smoker,8.678,82.78755501222494,70.5,57.16,90.66,In state,On Campus,Other,27.14957264957265,6.0,11.0,Failed,218.32
247,27037,1992-10-11,2013-08-05,2019-05-13,Sophomore,botany,Male,Non-Athlete,247.20000000000002,329.2,Current,6.698,72.66,74.61,63.23,71.7,Out of state,On Campus,Other,27.14957264957265,9.0,4.0,Failed,209.54000000000002
248,29009,1992-09-17,2013-08-05,2019-05-13,Sophomore,music,Female,Non-Athlete,180.39000000000001,115.83,Unknown,8.598,75.56,75.68,57.47,74.78,In state,On Campus,Other,27.14957264957265,3.0,3.0,Failed,207.93
249,32224,1992-08-09,2013-08-05,2018-05-14,Sophomore,i want to be a doctor,Male,Athlete,226.5,212.01,Non-Smoker,5.031,82.78755501222494,77.85,63.79,85.42,In state,Off Campus,Car,25.0,7.0,4.0,Failed,227.06
250,32712,1992-08-03,2013-08-05,2018-05-14,Sophomore,exercise science (exercise specialist),Male,Non-Athlete,203.43,318.87,Current,5.99,90.29,78.63,65.35,76.83,In state,Off Campus,Car,27.0,3.0,9.0,Failed,220.81
251,37553,1992-06-06,2013-08-05,2019-05-13,Sophomore,uknown,Male,Non-Athlete,204.66,167.04,Non-Smoker,8.221,82.86,80.98,67.23,79.49,In state,Off Campus,Car,18.0,3.0,5.0,Failed,227.7
252,39290,1992-05-14,2013-08-05,2019-05-13,Sophomore,uknown,Female,Non-Athlete,170.76,166.97,Unknown,6.813,90.43,80.36,57.17,87.33,Unknown,On Campus,Other,27.14957264957265,8.0,7.0,Failed,224.86
253,40193,1992-05-05,2013-08-05,2018-05-14,Sophomore, spanish language education,Male,Non-Athlete,241.23,321.24,Current,6.832,89.53,83.73,72.98,81.03,Out of state,On Campus,Other,27.14957264957265,4.0,4.0,Passed,237.74
254,45784,1992-02-25,2013-08-05,2019-05-13,Sophomore,uknown,Female,Non-Athlete,183.60000000000002,181.03156914893617,Current,6.581933155080214,82.78755501222494,80.79,65.46800947867298,76.25,Out of state,Off Campus,Car,27.0,2.0,5.0,Failed,222.508009478673
255,46911,1992-02-11,2013-08-05,2019-05-13,Sophomore,uknown,Female,Non-Athlete,230.91,269.82,Non-Smoker,7.153,77.36,80.47,72.62,89.02,In state,On Campus,Other,27.14957264957265,5.0,4.0,Passed,242.11
256,47007,1992-02-10,2013-08-05,2019-05-13,Sophomore,it was biology but i switched to psych,Female,Athlete,192.39,153.72,Non-Smoker,5.551,83.71,83.97,69.37,81.64,In state,On Campus,Other,27.14957264957265,6.0,5.0,Failed,234.98000000000002
257,48816,1992-01-19,2013-08-05,2018-05-14,Sophomore,bio,Female,Non-Athlete,201.78000000000003,182.98,Current,6.581933155080214,86.89,74.5,66.02,83.58,In state,On Campus,Other,27.14957264957265,7.0,5.0,Failed,224.09999999999997
258,49445,1992-01-13,2013-08-05,2019-05-13,Sophomore,music tech (production),Male,Athlete,242.13,206.96,Unknown,4.93,93.57,85.35,66.54,82.41,In state,Off Campus,Car,31.0,10.0,7.279891304347826,Failed,234.29999999999998
259,22417,1991-12-07,2013-08-05,2019-05-13,Sophomore,business,Female,Non-Athlete,171.60000000000002,181.03156914893617,Non-Smoker,6.581933155080214,83.75,81.54,51.95,77.56,In state,On Campus,Other,27.14957264957265,13.0,4.0,Failed,211.05
260,26199,1991-10-22,2013-08-05,2018-05-14,Sophomore,bphil,Female,Non-Athlete,194.64,162.8,Non-Smoker,7.99,83.2,76.03,54.85,85.8,In state,Off Campus,Car,20.0,2.0,8.0,Failed,216.68
261,29464,1991-09-12,2013-08-05,2018-05-14,Sophomore,wissenschaft,Female,Non-Athlete,199.14,124.59,Non-Smoker,9.597,85.52,80.77,50.11,83.67,In state,Off Campus,Car,18.0,5.4813829787234045,9.0,Failed,214.55
262,29529,1991-09-11,2013-08-05,2019-05-13,Sophomore,communications,Female,Athlete,209.82,181.03156914893617,Non-Smoker,4.637,89.68,90.6,69.89,80.68,In state,Off Campus,Car,28.0,5.4813829787234045,2.0,Failed,241.17000000000002
263,29757,1991-09-09,2013-08-05,2019-05-13,Sophomore,uknown,Male,Athlete,219.57,174.59,Non-Smoker,5.835,78.74,81.77,70.19,75.83,In state,Off Campus,Car,20.0,3.0,9.0,Passed,227.78999999999996
264,40601,1991-04-30,2013-08-05,2019-05-13,Sophomore,sociology,Male,Athlete,211.14,181.03156914893617,Non-Smoker,6.581933155080214,70.35,64.6,60.57,75.92,Out of state,Off Campus,Car,35.0,9.0,6.0,Failed,201.08999999999997
265,41147,1991-04-24,2013-08-05,2018-05-14,Sophomore,uknown,Male,Non-Athlete,219.03000000000003,173.43,Non-Smoker,6.581933155080214,75.58,74.57,63.84,79.52168316831683,Out of state,Unknown,Other,27.14957264957265,4.0,3.0,Failed,217.93168316831682
266,47835,1991-01-29,2013-08-05,2019-05-13,Sophomore,undecided,Female,Non-Athlete,224.79000000000002,162.2,Non-Smoker,9.244,83.79,95.46,67.86,80.03,In state,On Campus,Other,27.14957264957265,8.0,4.0,Failed,243.35
267,26262,1990-10-22,2013-08-05,2018-05-14,Sophomore,"double major in sociology and psychology,minor in history",Male,Non-Athlete,199.92000000000002,161.08,Non-Smoker,7.207,83.59,81.11,83.54,76.56,In state,Off Campus,Car,28.0,8.0,11.0,Passed,241.21
268,28689,1990-09-22,2013-08-05,2018-05-14,Sophomore,journalism,Male,Non-Athlete,181.47,181.03156914893617,Unknown,8.001,90.64,91.65,70.38,78.62,In state,Off Campus,Car,38.0,10.0,3.0,Passed,240.65
269,39867,1990-05-08,2013-08-05,2019-05-13,Sophomore,biology,Male,Non-Athlete,198.20999999999998,116.99,Current,8.929,86.91,82.0708,73.52,75.85,Out of state,Off Campus,Car,30.0,8.0,6.0,Passed,231.4408
270,22054,1989-12-12,2013-08-05,2018-05-14,Sophomore,uknown,Male,Athlete,215.01,181.03156914893617,Non-Smoker,6.581933155080214,84.96,86.06,56.81,72.0,Unknown,Off Campus,Car,30.0,8.0,3.0,Failed,214.87
271,33017,1993-05-25,2013-08-05,2019-05-13,Sophomore,undecided but leaning toward business,Male,Athlete,213.84,153.92,Non-Smoker,4.717,76.75,81.1,51.11,74.47,In state,On Campus,Other,27.14957264957265,3.0,2.0,Failed,206.67999999999998
272,29103,1994-09-16,2012-08-06,2018-05-14,Jumior,eduactaion,Male,Non-Athlete,235.86,221.55,Current,6.581933155080214,82.87,83.06,71.03,69.87,In state,Off Campus,Walk,18.0,7.0,9.0,Passed,223.96
273,20758,1993-12-26,2012-08-06,2018-05-14,Jumior,international bussness,Male,Athlete,192.36,173.01,Non-Smoker,5.005,79.11,83.4,64.08,84.12,In state,Off Campus,Car,23.0,5.0,10.0,Failed,231.60000000000002
274,21345,1993-12-19,2012-08-06,2018-05-14,Jumior,chemistry,Male,Athlete,218.43,228.27,Non-Smoker,6.581933155080214,82.78755501222494,90.42,75.93,79.71,In state,Off Campus,Car,44.0,5.4813829787234045,19.0,Passed,246.06
275,21389,1993-12-19,2012-08-06,2017-05-08,Jumior,dance,Female,Athlete,196.17000000000002,151.53,Non-Smoker,6.581933155080214,78.95,79.34,64.38,79.52168316831683,In state,Off Campus,Car,33.0,4.0,5.0,Failed,223.24168316831683
276,22961,1993-11-30,2012-08-06,2017-05-08,Jumior,broadcast journalism,Male,Athlete,209.19,221.92,Non-Smoker,5.585,82.18,81.02,66.15,79.47,Out of state,Off Campus,Car,40.0,11.0,6.0,Failed,226.64000000000001
277,23155,1993-11-27,2012-08-06,2018-05-14,Jumior,anthropology,Female,Athlete,208.77,181.03156914893617,Non-Smoker,5.951,82.78755501222494,84.15,73.84,85.49,In state,Off Campus,Car,25.0,3.0,7.0,Passed,243.48000000000002
278,24480,1993-11-11,2012-08-06,2017-05-08,Jumior,comm studies,Male,Athlete,231.57,207.04,Non-Smoker,5.392,86.69,80.53,63.2,70.74,Out of state,Off Campus,Walk,15.0,9.0,7.0,Failed,214.47000000000003
279,26776,1993-10-14,2012-08-06,2017-05-08,Jumior,composition,Female,Non-Athlete,211.5,178.58,Past Smoker,7.744,79.69,84.04,64.38,80.86,In state,Off Campus,Walk,12.0,5.0,10.0,Failed,229.28000000000003
280,27203,1993-10-08,2012-08-06,2017-05-08,Jumior,"triple major in math,stats,and biology",Female,Non-Athlete,231.09,220.63,Non-Smoker,7.423,89.33,95.46,82.45,86.08,In state,Off Campus,Bike,8.0,4.0,12.0,Passed,263.99
281,27365,1993-10-07,2012-08-06,2017-05-08,Jumior,poli sci,Female,Non-Athlete,223.20000000000002,162.16,Past Smoker,8.37,78.66,79.62,52.03,85.68,In state,Off Campus,Bike,6.0,4.0,3.0,Failed,217.33
282,27958,1993-09-30,2012-08-06,2017-05-08,Jumior,pre-law,Male,Non-Athlete,197.04000000000002,201.31,Non-Smoker,6.881,82.78755501222494,88.39,70.57,78.42,Out of state,Off Campus,Car,28.0,5.4813829787234045,6.0,Passed,237.38
283,28874,1993-09-18,2012-08-06,2018-05-14,Jumior,uknown,Female,Athlete,187.8,109.93,Non-Smoker,5.824,83.14,83.74,53.37,81.09,Out of state,Off Campus,Car,31.0,10.0,12.0,Failed,218.2
284,29507,1993-09-11,2012-08-06,2018-05-14,Jumior,uknown,Female,Non-Athlete,214.17000000000002,144.7,Non-Smoker,8.193,94.85,86.33,68.35,79.52168316831683,In state,Off Campus,Other,27.14957264957265,5.0,12.0,Failed,234.20168316831683
285,30904,1993-08-24,2012-08-06,2017-05-08,Jumior,uknown,Female,Non-Athlete,185.82,204.23,Past Smoker,6.075,77.66,66.99,59.6,76.33,In state,Off Campus,Car,19.0,3.0,3.0,Failed,202.92000000000002
286,31160,1993-08-20,2012-08-06,2018-05-14,Jumior,uknown,Female,Athlete,202.89,167.76,Past Smoker,5.413,81.45,88.5,64.31,77.29,Out of state,On Campus,Other,27.14957264957265,5.0,9.0,Failed,230.10000000000002
287,32069,1993-08-11,2012-08-06,2017-05-08,Jumior,film studies,Male,Athlete,212.25,161.4,Non-Smoker,5.595,82.54,83.33,69.79,83.66,In state,Off Campus,Public Transport,64.0,6.0,4.0,Failed,236.78
288,32440,1993-08-05,2012-08-06,2017-05-08,Jumior,uknown,Female,Athlete,192.29999999999998,158.74,Non-Smoker,4.779,89.73,84.52,71.87,86.49,In state,Off Campus,Car,17.0,2.0,7.0,Passed,242.88
289,32657,1993-08-04,2012-08-06,2017-05-08,Jumior,uknown,Male,Non-Athlete,232.74,181.03156914893617,Non-Smoker,6.333,78.08,70.9,61.43,79.37,In state,Off Campus,Car,30.0,3.0,17.0,Failed,211.70000000000002
290,33204,1993-07-28,2012-08-06,2017-05-08,Jumior,uknown,Male,Athlete,226.14,163.87,Non-Smoker,5.141,92.32,86.05,62.61,79.61,In state,On Campus,Other,27.14957264957265,8.0,3.0,Failed,228.26999999999998
291,34212,1993-07-15,2012-08-06,2018-05-14,Jumior,epidemiology,Female,Athlete,208.98,181.03156914893617,Past Smoker,5.795,82.98,84.31,67.97,90.9,Out of state,Off Campus,Walk,10.0,6.0,16.0,Failed,243.18
292,36657,1993-06-15,2012-08-06,2018-05-14,Jumior,chemstry,Female,Non-Athlete,212.13,169.66,Current,8.232,91.91,91.58,67.08,85.88,In state,Off Campus,Car,28.0,3.0,9.0,Failed,244.54
293,37328,1993-06-08,2012-08-06,2018-05-14,Jumior,jhlksjhreksh,Male,Athlete,204.0952941176471,216.02,Current,5.867,88.57,83.81,63.18,75.69,In state,Off Campus,Car,30.0,5.0,9.0,Failed,222.68
294,37333,1993-06-07,2012-08-06,2018-05-14,Jumior,political science,Female,Non-Athlete,193.95000000000002,150.23,Non-Smoker,6.566,89.12,82.0708,69.9,86.33,In state,Off Campus,Car,30.0,4.0,15.0,Failed,238.30079999999998
295,37881,1993-05-30,2012-08-06,2017-05-08,Jumior,uknown,Female,Non-Athlete,231.99,202.67,Non-Smoker,7.394,82.78755501222494,80.21,63.59,86.54,Out of state,Off Campus,Car,23.0,6.0,5.0,Failed,230.34000000000003
296,38631,1993-05-23,2012-08-06,2018-05-14,Jumior,uknown,Male,Athlete,204.20999999999998,190.81,Non-Smoker,6.581933155080214,94.67,94.17,81.01,86.68,Unknown,Off Campus,Car,32.0,7.0,8.0,Passed,261.86
297,39033,1993-05-17,2012-08-06,2017-05-08,Jumior,biology,Female,Athlete,203.07,164.02,Non-Smoker,5.791,80.97,70.75,60.08,76.89,Out of state,Off Campus,Car,28.0,7.0,9.0,Failed,207.71999999999997
298,39816,1993-05-07,2012-08-06,2018-05-14,Jumior,uknown,Female,Non-Athlete,191.88,185.01,Unknown,8.274,78.85,85.44,62.8,76.39,Out of state,Off Campus,Car,26.0,1.0,14.0,Failed,224.63
299,40662,1993-04-29,2012-08-06,2018-05-14,Jumior,english with minor in spanish,Male,Athlete,228.36,220.77,Current,5.671,81.41,74.4,65.1,76.24,Out of state,Off Campus,Car,25.0,4.0,4.0,Failed,215.74
300,40916,1993-04-25,2012-08-06,2017-05-08,Jumior,biotechnology,Female,Non-Athlete,211.5,275.79,Non-Smoker,7.276,91.25,97.69,77.73,83.53,Out of state,Off Campus,Car,27.0,6.0,7.279891304347826,Passed,258.95000000000005
301,42216,1993-04-09,2012-08-06,2017-05-08,Jumior,nursing,Male,Non-Athlete,208.98,148.39,Past Smoker,7.767,87.73,80.76,54.12,71.37,Out of state,Off Campus,Car,25.0,2.0,4.0,Failed,206.25
302,42474,1993-04-06,2012-08-06,2018-05-14,Jumior,epidemeology,Female,Non-Athlete,202.95000000000002,215.38,Non-Smoker,7.266,81.29,84.1,65.46800947867298,74.3,Out of state,Off Campus,Walk,14.0,2.0,6.0,Failed,223.868009478673
303,43255,1993-03-29,2012-08-06,2017-05-08,Jumior,polisci,Male,Non-Athlete,196.68,186.21,Past Smoker,6.363,79.12,76.14,72.92,71.0,In state,Off Campus,Car,23.0,7.0,4.0,Passed,220.06
304,48033,1993-01-26,2012-08-06,2017-05-08,Jumior,uknown,Female,Athlete,206.52,175.69,Non-Smoker,4.621,83.89,75.34,53.49,72.11,In state,Off Campus,Walk,11.0,5.0,7.279891304347826,Failed,200.94
305,20243,1993-01-02,2012-08-06,2017-05-08,Jumior,spanish,Female,Non-Athlete,197.96999999999997,128.4,Past Smoker,8.097,81.96,82.52,64.05,81.58,In state,Off Campus,Car,21.0,3.0,7.0,Failed,228.14999999999998
306,22029,1992-12-11,2012-08-06,2018-05-14,Jumior,uknown,Female,Athlete,195.51,181.03156914893617,Non-Smoker,6.33,78.98,91.92,74.43,77.14,Out of state,Off Campus,Bike,13.0,7.0,22.0,Passed,243.49
307,22147,1992-12-09,2012-08-06,2018-05-14,Jumior,statistics,Female,Non-Athlete,183.51,126.82,Current,7.12,85.67,91.34,65.46800947867298,88.33,In state,Off Campus,Bike,4.0,5.0,15.0,Failed,245.13800947867298
308,22938,1992-11-30,2012-08-06,2018-05-14,Jumior,mechanical engineering,Male,Non-Athlete,221.52,261.08,Non-Smoker,6.43,75.56,82.0708,57.61,79.52168316831683,Out of state,Off Campus,Car,23.0,3.0,9.0,Failed,219.20248316831683
309,23514,1992-11-22,2012-08-06,2017-05-08,Jumior,religious studies,Female,Non-Athlete,204.0952941176471,115.19,Current,8.314,87.76,80.41,46.68,83.13,Out of state,Off Campus,Car,32.0,0.0,4.0,Failed,210.22
310,25866,1992-10-25,2012-08-06,2017-05-08,Jumior,geography,Female,Athlete,201.87,158.08,Non-Smoker,6.212,77.78,85.61,65.15,76.63,In state,Off Campus,Car,27.0,5.0,10.0,Failed,227.39
311,26223,1992-10-20,2012-08-06,2017-05-08,Jumior,uknown,Female,Non-Athlete,200.01,224.44,Non-Smoker,6.581933155080214,87.29,89.62,69.11,79.52168316831683,In state,Off Campus,Car,39.0,4.0,17.0,Failed,238.25168316831684
312,26843,1992-10-13,2012-08-06,2017-05-08,Jumior,natural science,Female,Non-Athlete,171.72,170.0,Non-Smoker,6.581933155080214,81.0,86.66,69.38,79.52168316831683,In state,Off Campus,Car,25.0,9.0,8.0,Failed,235.56168316831682
313,27177,1992-10-09,2012-08-06,2017-05-08,Jumior,uknown,Female,Athlete,192.42000000000002,181.03156914893617,Non-Smoker,5.974,88.15,73.14,46.66,85.12,In state,Off Campus,Car,22.0,7.0,10.0,Failed,204.92000000000002
314,27638,1992-10-04,2012-08-06,2018-05-14,Jumior,graphic design,Male,Non-Athlete,209.96999999999997,291.73,Non-Smoker,7.46,82.78755501222494,69.84,60.41,86.99,Out of state,Off Campus,Walk,16.0,5.0,5.0,Failed,217.24
315,28044,1992-09-29,2012-08-06,2017-05-08,Jumior,psyc,Male,Non-Athlete,223.11,181.03156914893617,Non-Smoker,6.581933155080214,85.18,96.12,73.09,75.36,In state,Off Campus,Car,33.0,4.0,9.0,Passed,244.57
316,49806,1992-09-22,2012-08-06,2017-05-08,Jumior,art education,Female,Non-Athlete,189.66,127.69,Unknown,7.616,78.3,82.0708,77.03,78.7,In state,On Campus,Other,27.14957264957265,3.0,4.0,Passed,237.80079999999998
317,29967,1992-09-06,2012-08-06,2017-05-08,Jumior,pre-med,Male,Non-Athlete,222.84,264.16,Non-Smoker,6.091,73.27,82.94,70.89,76.99,In state,Off Campus,Car,30.0,6.0,19.0,Passed,230.82
318,30337,1992-08-31,2012-08-06,2017-05-08,Jumior,uknown,Female,Athlete,194.85000000000002,150.39,Non-Smoker,5.619,81.75,81.38,56.27,82.77,In state,Off Campus,Car,27.0,4.0,8.0,Failed,220.42000000000002
319,33162,1992-07-28,2012-08-06,2018-05-14,Jumior,social work,Male,Non-Athlete,204.0952941176471,204.54,Current,5.451,81.73,86.8,67.03,77.71,In state,On Campus,Other,27.14957264957265,6.0,10.0,Failed,231.53999999999996
320,34690,1992-07-08,2012-08-06,2018-05-14,Jumior,uknown,Female,Non-Athlete,171.18,113.7,Current,7.993,83.34,75.52,67.0,78.89,In state,On Campus,Other,27.14957264957265,2.0,14.0,Failed,221.40999999999997
321,36009,1992-06-25,2012-08-06,2017-05-08,Jumior,english - creative writing,Male,Non-Athlete,215.91,205.43,Non-Smoker,7.954,84.25,84.65,60.12,83.74,In state,Off Campus,Bike,12.0,5.0,14.0,Failed,228.51
322,38020,1992-05-29,2012-08-06,2018-05-14,Jumior,creative writing,Female,Non-Athlete,187.29,171.13,Past Smoker,7.17,86.2,79.24,59.85,75.76,Unknown,Off Campus,Walk,15.0,3.0,11.0,Failed,214.85000000000002
323,39181,1992-05-17,2012-08-06,2017-05-08,Jumior,uknown,Male,Non-Athlete,204.0952941176471,216.33,Current,8.892,88.44,72.81,62.49,79.9,In state,Off Campus,Walk,18.0,2.0,6.0,Failed,215.20000000000002
324,40229,1992-05-04,2012-08-06,2017-05-08,Jumior,liberal studies,Male,Non-Athlete,220.11,180.81,Non-Smoker,7.383,84.12,86.28,67.47,78.8,In state,Off Campus,Car,31.0,6.0,8.0,Failed,232.55
325,41425,1992-04-17,2012-08-06,2017-05-08,Jumior,uknown,Female,Non-Athlete,186.81,150.22,Past Smoker,6.581933155080214,79.44,91.34,68.44,80.72,Out of state,Off Campus,Car,31.0,3.0,7.0,Failed,240.5
326,44698,1992-03-08,2012-08-06,2018-05-14,Jumior,uknown,Female,Non-Athlete,197.54999999999998,137.81,Non-Smoker,7.135,83.97,80.5,69.57,84.09,In state,Off Campus,Car,32.0,2.0,4.0,Failed,234.16
327,45041,1992-03-04,2012-08-06,2017-05-08,Jumior,uknown,Female,Non-Athlete,197.73,160.53,Non-Smoker,6.581933155080214,81.02,88.09,68.74,83.97,In state,Off Campus,Car,27.0,6.0,10.0,Failed,240.79999999999998
328,45095,1992-03-03,2012-08-06,2017-05-08,Jumior,fine arts,Female,Athlete,208.70999999999998,153.19,Non-Smoker,5.153,84.5,76.92,68.0,92.34,Out of state,Off Campus,Car,32.0,6.0,9.0,Failed,237.26000000000002
329,45788,1992-02-24,2012-08-06,2018-05-14,Jumior,public relations,Female,Athlete,204.0952941176471,165.64,Non-Smoker,5.772,83.46,87.08,64.73,85.32,In state,Off Campus,Car,25.0,6.0,5.0,Failed,237.13
330,46912,1992-02-13,2012-08-06,2018-05-14,Jumior,uknown,Male,Non-Athlete,186.3,130.69,Current,7.973,82.78755501222494,81.27,65.46800947867298,76.42,In state,Off Campus,Car,32.0,7.0,5.0,Failed,223.15800947867297
331,47122,1992-02-07,2012-08-06,2018-05-14,Jumior,uknown,Female,Non-Athlete,186.03,177.3,Non-Smoker,7.186,77.71,99.35,85.57,87.08,In state,Off Campus,Car,29.0,9.0,6.0,Passed,272.0
332,47676,1992-02-03,2012-08-06,2017-05-08,Jumior,early childhood education,Male,Non-Athlete,204.0952941176471,181.18,Past Smoker,7.109,88.45,88.33,71.93,78.05,In state,Off Campus,Car,32.0,5.4813829787234045,18.0,Passed,238.31
333,48702,1992-01-22,2012-08-06,2018-05-14,Jumior,uknown,Male,Non-Athlete,187.38,155.3,Current,7.853,84.65,68.73,55.84,73.04,Out of state,Off Campus,Car,32.0,7.0,4.0,Failed,197.61
334,48976,1992-01-19,2012-08-06,2018-05-14,Jumior,uknown,Male,Athlete,220.53000000000003,174.89,Current,5.845,85.37,71.2,58.1,77.72,In state,Off Campus,Car,20.0,4.0,8.0,Failed,207.02
335,49137,1992-01-17,2012-08-06,2018-05-14,Jumior,philosophey,Male,Athlete,196.11,142.54,Current,5.941,79.81,66.57,60.05,77.09,In state,Off Campus,Walk,16.0,7.0,9.0,Failed,203.70999999999998
336,49165,1992-01-16,2012-08-06,2018-05-14,Jumior,uknown,Unknown,Athlete,198.95999999999998,185.9,Current,5.846,90.18,91.35,61.72,75.24,In state,Off Campus,Car,26.0,4.0,9.0,Failed,228.31
337,49931,1992-01-08,2012-08-06,2018-05-14,Jumior,uknown,Male,Athlete,202.64999999999998,158.7,Non-Smoker,5.14,84.34,82.0708,63.7,75.77,In state,Off Campus,Public Transport,62.0,5.0,10.0,Failed,221.5408
338,23871,1991-11-20,2012-08-06,2018-05-14,Jumior,military history,Male,Non-Athlete,204.0952941176471,297.21,Non-Smoker,6.992,100.78,73.73,60.88,83.99,In state,Off Campus,Car,22.0,4.0,6.0,Failed,218.60000000000002
339,26771,1991-10-15,2012-08-06,2018-05-14,Jumior,special education,Female,Athlete,204.27,124.09,Past Smoker,6.641,92.2,83.69,69.35,91.78,In state,Off Campus,Car,24.0,4.0,7.279891304347826,Failed,244.82
340,30329,1991-09-02,2012-08-06,2018-05-14,Jumior,uknown,Male,Non-Athlete,203.96999999999997,215.85,Current,6.082,82.28,81.52,65.08,77.4,In state,Off Campus,Car,20.0,5.0,14.0,Failed,224.0
341,31549,1991-08-18,2012-08-06,2017-05-08,Jumior,sports medicine,Male,Non-Athlete,213.93,244.67,Non-Smoker,7.452,76.51,80.59,71.18,84.17,Out of state,Off Campus,Bike,10.0,5.0,7.279891304347826,Passed,235.94
342,35681,1991-06-28,2012-08-06,2018-05-14,Jumior,arcitecture,Female,Non-Athlete,182.52,106.97,Non-Smoker,7.374,85.45,82.44,46.14,76.75,In state,Off Campus,Car,29.0,9.0,12.0,Failed,205.32999999999998
343,36100,1991-06-23,2012-08-06,2018-05-14,Jumior,uknown,Male,Non-Athlete,196.53000000000003,214.6,Non-Smoker,6.798,95.86,81.47,65.64,87.96,In state,Off Campus,Car,24.0,4.0,16.0,Failed,235.07
344,36863,1991-06-13,2012-08-06,2017-05-08,Jumior,uknown,Female,Athlete,197.57999999999998,154.31,Non-Smoker,5.079,89.37,82.52,60.47,79.52168316831683,In state,Off Campus,Car,35.0,5.0,9.0,Failed,222.51168316831684
345,49821,1991-05-24,2012-08-06,2017-05-08,Jumior,biology (pre-med),Female,Athlete,204.69,164.31,Past Smoker,5.637,71.93,67.04,62.64,79.52168316831683,Out of state,Off Campus,Car,32.0,4.0,7.279891304347826,Failed,209.20168316831683
346,41406,1991-04-19,2012-08-06,2018-05-14,Jumior,spanish and french,Female,Non-Athlete,179.04,181.03156914893617,Non-Smoker,7.136,83.86,74.11,61.29,82.26,In state,Off Campus,Bike,8.0,6.0,9.0,Failed,217.66000000000003
347,46722,1991-02-13,2012-08-06,2018-05-14,Jumior,physik,Female,Athlete,215.39999999999998,152.03,Past Smoker,6.481,97.49,78.84,64.89,88.09,Unknown,Off Campus,Car,21.0,5.4813829787234045,10.0,Failed,231.82000000000002
348,48295,1991-01-25,2012-08-06,2018-05-14,Jumior,uknown,Female,Non-Athlete,194.61,203.55,Non-Smoker,6.895,84.41,84.5,72.06,91.38,In state,Off Campus,Car,24.0,3.0,19.0,Passed,247.94
349,21256,1990-12-21,2012-08-06,2018-05-14,Jumior,pre-law,Female,Non-Athlete,189.06,201.87,Non-Smoker,8.232,77.96,80.23,56.93,77.73,In state,Off Campus,Car,22.0,5.4813829787234045,6.0,Failed,214.89
350,24904,1990-11-06,2012-08-06,2018-05-14,Jumior,uknown,Female,Non-Athlete,176.07,135.69,Non-Smoker,7.024,86.8,83.24,64.88,86.69,In state,Off Campus,Car,38.0,6.0,8.0,Failed,234.81
351,25251,1990-11-03,2012-08-06,2018-05-14,Jumior,management,Male,Athlete,222.69,181.03156914893617,Non-Smoker,4.631,93.63,98.19,79.65,73.97,In state,On Campus,Other,27.14957264957265,4.0,4.0,Passed,251.81
352,26034,1990-10-24,2012-08-06,2017-05-08,Jumior,aaaaaaaaaaaaaa,Female,Athlete,199.89,153.12,Non-Smoker,6.581933155080214,89.29,96.8,93.78,88.77,Out of state,Off Campus,Car,22.0,7.0,10.0,Passed,279.34999999999997
353,30424,1990-09-01,2012-08-06,2018-05-14,Jumior,uknown,Male,Non-Athlete,223.35000000000002,190.46,Non-Smoker,8.047,79.59,83.55,67.99,73.9,Out of state,Off Campus,Car,27.0,1.0,11.0,Failed,225.44
354,30968,1990-08-24,2012-08-06,2017-05-08,Jumior,geology,Female,Non-Athlete,214.86,181.03156914893617,Non-Smoker,6.989,78.0,81.51,62.14,74.13,In state,Off Campus,Car,36.0,3.0,7.279891304347826,Failed,217.78
355,31419,1990-08-20,2012-08-06,2018-05-14,Jumior,uknown,Male,Non-Athlete,183.3,166.91,Non-Smoker,6.614,95.81,95.42,74.81,72.48,In state,Off Campus,Car,33.0,1.0,3.0,Passed,242.71000000000004
356,35048,1990-07-05,2012-08-06,2017-05-08,Jumior,performing arts,Female,Non-Athlete,218.04000000000002,270.29,Past Smoker,6.581933155080214,91.35,86.26,58.31,77.66,In state,Off Campus,Car,36.0,3.0,11.0,Failed,222.23
357,36681,1990-06-18,2012-08-06,2017-05-08,Jumior,geography,Male,Non-Athlete,184.53,153.93,Current,6.769,87.6,85.4,60.27,73.29,In state,Off Campus,Walk,9.0,5.0,9.0,Failed,218.96000000000004
358,38928,1990-05-19,2012-08-06,2017-05-08,Jumior,architecture,Female,Non-Athlete,197.28000000000003,190.53,Past Smoker,7.285,79.14,69.98,50.42,79.52168316831683,In state,Off Campus,Car,34.0,9.0,10.0,Failed,199.92168316831683
359,42520,1990-04-06,2012-08-06,2017-05-08,Jumior,athletic training,Male,Non-Athlete,212.37,196.86,Non-Smoker,7.068,85.68,77.2,70.87,69.61,In state,Off Campus,Car,33.0,3.0,8.0,Passed,217.68
360,46857,1990-02-13,2012-08-06,2018-05-14,Jumior,uknown,Male,Non-Athlete,223.02,300.24,Non-Smoker,6.284,93.34,92.08,71.69,79.27,In state,Off Campus,Public Transport,53.0,4.0,11.0,Passed,243.03999999999996
361,22652,1989-12-04,2012-08-06,2018-05-14,Jumior,uknown,Female,Non-Athlete,204.0952941176471,127.17,Non-Smoker,7.226,76.69,70.11,53.54,78.82,In state,Off Campus,Walk,13.0,3.0,4.0,Failed,202.47
362,30070,1989-09-05,2012-08-06,2018-05-14,Jumior,education - pre-k,Male,Athlete,222.99,181.03156914893617,Unknown,5.772,76.55,81.33,61.31,79.3,In state,Off Campus,Bike,9.0,9.0,9.0,Failed,221.94
363,37310,1989-06-08,2012-08-06,2017-05-08,Jumior,school psych,Female,Athlete,197.25,169.13,Past Smoker,4.889,90.76,93.96,69.55,82.52,In state,On Campus,Other,27.14957264957265,5.4813829787234045,12.0,Failed,246.02999999999997
364,49854,1989-02-24,2012-08-06,2017-05-08,Jumior,uknown,Male,Non-Athlete,188.39999999999998,256.03,Unknown,6.283,81.22,86.67,66.44,78.63,In state,Off Campus,Car,24.0,7.0,11.0,Failed,231.74
365,32786,1988-08-02,2012-08-06,2018-05-14,Jumior,uknown,Female,Non-Athlete,198.09,211.24,Non-Smoker,6.787,82.95,83.26,68.23,82.78,In state,Off Campus,Car,28.0,4.0,11.0,Failed,234.27
366,33358,1988-07-26,2012-08-06,2018-05-14,Jumior,history,Female,Non-Athlete,204.0952941176471,155.65,Non-Smoker,6.581933155080214,85.83,97.22,77.92,73.17,In state,Off Campus,Car,27.0,3.0,8.0,Passed,248.31
367,36691,1988-06-17,2012-08-06,2017-05-08,Jumior,german,Male,Non-Athlete,204.0952941176471,181.03156914893617,Non-Smoker,6.924,70.35,75.49,59.63,75.31,In state,On Campus,Other,27.14957264957265,8.0,8.0,Failed,210.43
368,30268,1985-09-03,2012-08-06,2017-05-08,Jumior,uknown,Male,Non-Athlete,220.74,319.65,Past Smoker,6.535,81.1,87.48,71.3,72.35,In state,Off Campus,Car,22.0,4.0,11.0,Passed,231.13
369,33692,1993-05-25,2012-08-06,2017-05-08,Jumior,communications,Male,Athlete,204.0952941176471,187.8,Non-Smoker,5.357,72.0,80.06,70.34,74.8,Out of state,Off Campus,Car,22.0,6.0,16.0,Passed,225.2
370,31434,1992-08-19,2011-08-01,2017-05-08,Senior,thaeter,Male,Non-Athlete,185.25,182.23,Current,6.801,92.32,91.04,73.11,73.45,In state,Off Campus,Car,27.0,3.0,6.0,Passed,237.60000000000002
371,45762,1992-02-24,2011-08-01,2016-05-09,Senior,computer science,Female,Non-Athlete,198.12,181.03156914893617,Current,8.62,78.33,85.84,62.68,81.88,In state,Off Campus,Car,25.0,4.0,13.0,Failed,230.4
372,21421,1991-12-19,2011-08-01,2016-05-09,Senior,environmental science,Female,Athlete,190.14000000000001,181.03156914893617,Non-Smoker,5.08,85.87,95.07,72.42,84.3,In state,Off Campus,Bike,10.0,4.0,8.0,Passed,251.79000000000002
373,21610,1991-12-17,2011-08-01,2017-05-08,Senior,paleontology,Male,Athlete,216.14999999999998,177.0,Non-Smoker,5.124,94.38,89.54,82.12,82.54,In state,Off Campus,Car,28.0,3.0,12.0,Passed,254.20000000000005
374,22240,1991-12-09,2011-08-01,2017-05-08,Senior,biomed engineering,Female,Athlete,199.04999999999998,138.24,Non-Smoker,6.581933155080214,86.28,88.13,62.92,90.27,Out of state,Off Campus,Car,25.0,4.0,13.0,Failed,241.32
375,23659,1991-11-22,2011-08-01,2017-05-08,Senior,math,Male,Non-Athlete,209.45999999999998,274.67,Non-Smoker,6.581933155080214,83.23,84.39,59.27,75.95,Out of state,Off Campus,Car,28.0,3.0,6.0,Failed,219.61
376,29470,1991-09-12,2011-08-01,2016-05-09,Senior,uknown,Female,Athlete,205.59,143.69,Non-Smoker,4.77,75.43,79.27,66.95,76.09,Out of state,Off Campus,Car,32.0,10.0,9.0,Failed,222.31
377,31575,1991-08-18,2011-08-01,2017-05-08,Senior,latin,Male,Athlete,197.31,167.12,Non-Smoker,4.974,76.02,71.41,72.19,72.54,In state,Off Campus,Car,33.0,5.0,9.0,Passed,216.14
378,32404,1991-08-08,2011-08-01,2017-05-08,Senior,hahahaha,Male,Non-Athlete,198.27,145.31,Non-Smoker,8.997,84.45,89.39,75.19,79.52168316831683,In state,Off Campus,Walk,21.0,7.0,7.279891304347826,Passed,244.1016831683168
379,32929,1991-08-01,2011-08-01,2016-05-09,Senior,humanities,Male,Athlete,199.89,169.6,Non-Smoker,6.581933155080214,82.78755501222494,78.35,55.21,70.56,Out of state,Off Campus,Car,30.0,2.0,7.279891304347826,Failed,204.12
380,33022,1991-08-01,2011-08-01,2016-05-09,Senior,uknown,Male,Athlete,212.85000000000002,157.37,Non-Smoker,5.771,87.37,84.39,70.13,75.07,In state,Off Campus,Walk,9.0,5.0,12.0,Passed,229.58999999999997
381,33348,1991-07-26,2011-08-01,2017-05-08,Senior,uknown,Female,Athlete,200.04000000000002,144.26,Non-Smoker,6.16,82.61,76.39,53.91,85.18,Out of state,On Campus,Other,27.14957264957265,3.0,14.0,Failed,215.48000000000002
382,34469,1991-07-14,2011-08-01,2017-05-08,Senior,spanish,Male,Athlete,219.84,186.9,Unknown,5.341,87.01,83.46,61.09,79.6,Out of state,Off Campus,Car,32.0,5.0,14.0,Failed,224.15
383,35684,1991-06-29,2011-08-01,2017-05-08,Senior,uknown,Male,Non-Athlete,204.0952941176471,167.26,Non-Smoker,5.595,82.78755501222494,86.65,63.07,71.33,In state,Off Campus,Walk,10.0,2.0,7.0,Failed,221.05
384,36404,1991-06-21,2011-08-01,2017-05-08,Senior,gender studies,Male,Non-Athlete,200.16,190.07,Non-Smoker,8.112,82.78755501222494,63.48,63.19,80.27,In state,Off Campus,Other,27.14957264957265,4.0,7.279891304347826,Failed,206.94
385,38644,1991-05-25,2011-08-01,2017-05-08,Senior,computer programming,Male,Non-Athlete,224.39999999999998,197.22,Current,8.177,79.38,82.64,66.51,79.52168316831683,Out of state,Off Campus,Walk,15.0,4.0,14.0,Failed,228.67168316831683
386,40900,1991-04-27,2011-08-01,2017-05-08,Senior,don't know yet,Male,Athlete,215.13,200.31,Non-Smoker,6.581933155080214,92.22,88.87,63.82,88.8,In state,Off Campus,Car,32.0,5.0,11.0,Failed,241.49
387,41762,1991-04-17,2011-08-01,2017-05-08,Senior,forensic  science,Male,Athlete,196.35000000000002,176.93,Non-Smoker,5.234,79.18,86.06,63.77,70.28,Out of state,Off Campus,Car,28.0,4.0,13.0,Failed,220.11
388,43596,1991-03-24,2011-08-01,2016-05-09,Senior,art history,Male,Athlete,208.70999999999998,182.52,Non-Smoker,4.748,70.73,84.95,75.84,76.98,In state,Off Campus,Bike,7.0,7.0,11.0,Passed,237.77000000000004
389,44640,1991-03-10,2011-08-01,2017-05-08,Senior,uknown,Female,Athlete,200.67000000000002,127.14,Non-Smoker,4.81,83.17,95.24,69.33,78.4,In state,Off Campus,Car,21.0,4.0,7.0,Failed,242.97
390,47709,1991-02-03,2011-08-01,2016-05-09,Senior,nutrition,Male,Non-Athlete,252.48,208.06,Past Smoker,8.034,89.25,87.09,66.9,80.91,In state,Off Campus,Walk,14.0,10.0,6.0,Failed,234.9
391,48238,1991-01-28,2011-08-01,2017-05-08,Senior,uknown,Male,Non-Athlete,201.71999999999997,272.58,Current,5.295,78.9,68.82,62.43,75.59,In state,Off Campus,Walk,20.0,5.4813829787234045,12.0,Failed,206.84
392,48112,1991-01-27,2011-08-01,2016-05-09,Senior,history,Female,Athlete,199.56,166.58,Non-Smoker,6.364,77.66,87.67,75.85,79.52168316831683,In state,Off Campus,Car,32.0,4.0,10.0,Passed,243.0416831683168
393,22167,1990-12-10,2011-08-01,2016-05-09,Senior,stage management,Male,Non-Athlete,201.06,214.95,Non-Smoker,7.61,80.08,75.46,71.2,74.78,In state,Off Campus,Car,37.0,4.0,16.0,Passed,221.44
394,23717,1990-11-21,2011-08-01,2016-05-09,Senior,uknown,Female,Non-Athlete,177.75,110.62,Non-Smoker,7.419,85.03,81.98,72.9,85.7,Out of state,Off Campus,Car,33.0,5.0,23.0,Passed,240.57999999999998
395,25875,1990-10-26,2011-08-01,2017-05-08,Senior,uknown,Female,Non-Athlete,217.23,181.03156914893617,Non-Smoker,7.571,78.41,88.07,66.28,82.75,Unknown,Unknown,Car,26.0,8.0,4.0,Failed,237.1
396,26367,1990-10-19,2011-08-01,2016-05-09,Senior,ethnomusicology,Female,Non-Athlete,209.52,174.28,Non-Smoker,6.969,77.24,72.75,63.06,84.48,In state,Off Campus,Public Transport,59.0,4.0,7.279891304347826,Failed,220.29000000000002
397,26510,1990-10-18,2011-08-01,2016-05-09,Senior,uknown,Male,Athlete,199.68,196.32,Non-Smoker,5.002,99.56,85.94,80.59,79.12,In state,Off Campus,Car,26.0,4.0,11.0,Passed,245.65
398,27209,1990-10-09,2011-08-01,2017-05-08,Senior,uknown,Female,Athlete,198.84,163.19,Non-Smoker,6.167,81.37,72.15,58.36,87.49,In state,Off Campus,Car,29.0,3.0,12.0,Failed,218.0
399,29115,1990-09-17,2011-08-01,2017-05-08,Senior,athletic trainer,Male,Athlete,217.46999999999997,217.29,Non-Smoker,5.55,86.3,92.01,65.03,76.4,In state,Off Campus,Bike,9.0,5.0,7.279891304347826,Failed,233.44000000000003
400,31078,1990-08-23,2011-08-01,2016-05-09,Senior,uknown,Female,Non-Athlete,212.54999999999998,151.98,Non-Smoker,6.581933155080214,82.12,69.32,58.7,84.21,In state,Off Campus,Car,28.0,5.0,7.279891304347826,Failed,212.22999999999996
401,34362,1990-07-13,2011-08-01,2016-05-09,Senior,uknown,Female,Non-Athlete,188.37,154.95,Past Smoker,7.268,78.07,75.3,60.59,80.5,In state,Off Campus,Car,35.0,7.0,15.0,Failed,216.39
402,34581,1990-07-12,2011-08-01,2017-05-08,Senior,nutrition,Male,Non-Athlete,184.59,181.03156914893617,Non-Smoker,6.685,89.06,82.0708,64.93,69.07,Out of state,Off Campus,Car,30.0,0.0,6.0,Failed,216.07080000000002
403,34591,1990-07-11,2011-08-01,2016-05-09,Senior,comp sci,Female,Non-Athlete,203.04000000000002,155.29,Unknown,8.408,79.43,75.91,59.55,78.19,Out of state,Off Campus,Walk,11.0,7.0,18.0,Failed,213.64999999999998
404,35886,1990-06-27,2011-08-01,2016-05-09,Senior,chemical engineering,Male,Athlete,223.46999999999997,214.03,Non-Smoker,4.984,80.02,84.81,64.96,67.97,In state,Off Campus,Car,20.0,6.0,10.0,Failed,217.73999999999998
405,37713,1990-06-04,2011-08-01,2016-05-09,Senior,fnrech,Male,Athlete,220.64999999999998,181.47,Non-Smoker,6.581933155080214,70.76,80.71,69.43,74.74,In state,Off Campus,Walk,23.0,3.0,7.279891304347826,Failed,224.88
406,39415,1990-05-13,2011-08-01,2016-05-09,Senior,uknown,Female,Non-Athlete,189.32999999999998,181.03156914893617,Non-Smoker,6.96,83.7,82.0,56.14,84.95,Out of state,Off Campus,Walk,20.0,5.0,9.0,Failed,223.08999999999997
407,40313,1990-05-03,2011-08-01,2016-05-09,Senior,uknown,Female,Athlete,194.34,168.88,Non-Smoker,5.584,81.33,77.14,52.83,81.41,In state,Off Campus,Car,29.0,3.0,12.0,Failed,211.38
408,41168,1990-04-23,2011-08-01,2017-05-08,Senior,hdfs,Male,Athlete,242.57999999999998,226.48,Non-Smoker,5.998,73.63,79.24,71.05,78.69,In state,Off Campus,Car,24.0,4.0,10.0,Passed,228.98
409,41165,1990-04-21,2011-08-01,2016-05-09,Senior,uknown,Female,Non-Athlete,219.63,161.72,Non-Smoker,8.783,80.14,86.07,74.68,88.19,Out of state,Off Campus,Car,23.0,8.0,6.0,Passed,248.94
410,42826,1990-04-03,2011-08-01,2016-05-09,Senior,political science,Male,Athlete,200.73,156.65,Past Smoker,5.648,83.41,86.06,77.26,79.55,In state,Off Campus,Public Transport,53.0,5.0,5.0,Passed,242.87
411,43676,1990-03-21,2011-08-01,2017-05-08,Senior,uknown,Female,Non-Athlete,206.57999999999998,133.01,Non-Smoker,7.62,87.0,81.94,47.07,78.77,Out of state,Off Campus,Car,37.0,3.0,7.279891304347826,Failed,207.77999999999997
412,44968,1990-03-09,2011-08-01,2017-05-08,Senior,psychology,Male,Non-Athlete,242.19,225.58,Non-Smoker,7.079,88.62,78.27,68.66,77.58,In state,Off Campus,Car,28.0,3.0,10.0,Failed,224.51
413,45928,1990-02-22,2011-08-01,2016-05-09,Senior,uknown,Female,Non-Athlete,206.73,144.17,Current,9.159,81.07,85.37,65.46800947867298,78.32,In state,Off Campus,Car,38.0,5.0,10.0,Failed,229.15800947867297
414,46439,1990-02-16,2011-08-01,2016-05-09,Senior,bachelor of fine arts in theater,Female,Non-Athlete,189.75,191.19,Non-Smoker,6.9,84.35,74.53,55.72,86.93,In state,Off Campus,Walk,9.0,6.0,13.0,Failed,217.18
415,48958,1990-01-17,2011-08-01,2016-05-09,Senior,fein arts,Female,Athlete,198.42000000000002,158.98,Current,7.079,85.75,77.39,44.7,80.65,In state,Off Campus,Car,31.0,8.0,7.0,Failed,202.74
416,49572,1990-01-09,2011-08-01,2016-05-09,Senior,sport medicine,Female,Non-Athlete,182.04,122.24,Current,7.747,75.69,78.1,47.1,79.72,In state,Off Campus,Car,31.0,7.0,7.0,Failed,204.92
417,21254,1989-12-21,2011-08-01,2016-05-09,Senior,uknown,Male,Athlete,216.45000000000002,181.03156914893617,Non-Smoker,5.203,71.87,93.95,65.46800947867298,75.98,In state,Off Campus,Car,31.0,8.0,9.0,Failed,235.39800947867298
418,23037,1989-11-29,2011-08-01,2017-05-08,Senior,speech pathology and audiology,Female,Non-Athlete,190.82999999999998,191.16,Current,6.587,82.78755501222494,64.68,64.67,84.71,Out of state,Off Campus,Car,32.0,4.0,4.0,Failed,214.06
419,23340,1989-11-26,2011-08-01,2017-05-08,Senior,astronomy,Female,Athlete,193.38,134.77,Non-Smoker,6.177,75.05,88.79,85.69,83.22,Unknown,Off Campus,Car,19.0,4.0,8.0,Passed,257.70000000000005
420,24362,1989-11-13,2011-08-01,2016-05-09,Senior,uknown,Female,Non-Athlete,214.04999999999998,212.08,Non-Smoker,7.559,79.1,88.78,62.85,76.6,In state,Off Campus,Car,22.0,6.0,8.0,Failed,228.23
421,28328,1989-09-26,2011-08-01,2017-05-08,Senior,elementary ed,Male,Non-Athlete,189.21,191.58,Non-Smoker,7.095,82.78755501222494,89.0,72.63,77.47,In state,Off Campus,Car,15.0,2.0,3.0,Passed,239.1
422,30139,1989-09-04,2011-08-01,2017-05-08,Senior,accounting,Male,Athlete,228.54000000000002,208.45,Non-Smoker,5.115,86.22,79.21,68.17,72.81,In state,Off Campus,Bike,13.0,3.0,14.0,Failed,220.19
423,32380,1989-08-08,2011-08-01,2017-05-08,Senior,i haven't picked one yet,Male,Non-Athlete,209.01,189.78,Current,8.527,82.78755501222494,73.03,65.42,86.18,In state,Off Campus,Car,27.0,5.4813829787234045,16.0,Failed,224.63
424,35269,1989-07-04,2011-08-01,2016-05-09,Senior,uknown,Male,Athlete,214.35000000000002,144.14,Non-Smoker,6.581933155080214,87.17,82.29,67.32,84.23,In state,Off Campus,Car,24.0,4.0,11.0,Failed,233.84000000000003
425,38872,1989-05-19,2011-08-01,2017-05-08,Senior,commm studies,Female,Non-Athlete,180.60000000000002,183.13,Current,6.111,83.49,84.04,76.01,87.54,In state,Off Campus,Car,32.0,4.0,23.0,Passed,247.59000000000003
426,39413,1989-05-12,2011-08-01,2017-05-08,Senior,uknown,Female,Athlete,202.26,181.03156914893617,Non-Smoker,4.927,89.35,71.08,59.71,77.94,In state,Off Campus,Car,32.0,5.4813829787234045,7.279891304347826,Failed,208.73
427,45256,1989-03-03,2011-08-01,2016-05-09,Senior,interior design,Female,Athlete,204.0952941176471,174.82,Current,6.486,84.96,90.88,59.03,79.53,In state,Unknown,Car,31.0,7.0,7.279891304347826,Failed,229.44
428,48529,1989-01-21,2011-08-01,2017-05-08,Senior,science,Female,Non-Athlete,201.93,154.31,Non-Smoker,7.819,84.16,80.63,64.3,83.45,Out of state,Off Campus,Car,27.0,0.0,7.279891304347826,Failed,228.38
429,36563,1988-06-17,2011-08-01,2016-05-09,Senior,marketing,Female,Non-Athlete,198.78000000000003,151.68,Non-Smoker,7.036,83.53,80.02,66.33,84.21,In state,Off Campus,Car,27.0,5.0,12.0,Failed,230.56
430,34021,1987-07-18,2011-08-01,2017-05-08,Senior,accounting,Female,Non-Athlete,204.0952941176471,181.03156914893617,Non-Smoker,6.581933155080214,87.72,84.99,65.31,79.52168316831683,In state,Off Campus,Walk,18.0,1.0,10.0,Failed,229.82168316831684
431,40697,1987-04-29,2011-08-01,2016-05-09,Senior,uknown,Male,Non-Athlete,205.5,131.92,Non-Smoker,9.125,91.01,86.87,70.25,82.67,In state,Off Campus,Car,26.0,6.0,15.0,Passed,239.79000000000002
432,34272,1993-05-25,2011-08-01,2016-05-09,Senior,nursing,Male,Athlete,204.29999999999998,130.07,Non-Smoker,6.581933155080214,81.05,85.76,58.16,81.87,Unknown,Off Campus,Car,29.0,6.0,10.0,Failed,225.79000000000002
433,33628,1993-05-25,2011-08-01,2017-05-08,Senior,nursing,Female,Athlete,207.81,157.26,Current,6.905,75.59,85.97,66.84,79.35,In state,Off Campus,Walk,14.0,4.0,10.0,Failed,232.16
434,39298,1993-05-25,2011-08-01,2017-05-08,Senior,uknown,Female,Athlete,200.04000000000002,152.33,Past Smoker,6.233,75.65,77.24,60.24,75.23,In state,Off Campus,Car,27.0,2.0,10.0,Failed,212.70999999999998
